epoch,loss,lr,output-0_loss,output-0_mape,output-10_accuracy,output-10_loss,output-11_accuracy,output-11_loss,output-12_accuracy,output-12_loss,output-13_accuracy,output-13_loss,output-14_accuracy,output-14_loss,output-1_accuracy,output-1_loss,output-2_accuracy,output-2_loss,output-3_accuracy,output-3_loss,output-4_accuracy,output-4_loss,output-5_accuracy,output-5_loss,output-6_accuracy,output-6_loss,output-7_accuracy,output-7_loss,output-8_accuracy,output-8_loss,output-9_accuracy,output-9_loss,val_loss,val_output-0_loss,val_output-0_mape,val_output-10_accuracy,val_output-10_loss,val_output-11_accuracy,val_output-11_loss,val_output-12_accuracy,val_output-12_loss,val_output-13_accuracy,val_output-13_loss,val_output-14_accuracy,val_output-14_loss,val_output-1_accuracy,val_output-1_loss,val_output-2_accuracy,val_output-2_loss,val_output-3_accuracy,val_output-3_loss,val_output-4_accuracy,val_output-4_loss,val_output-5_accuracy,val_output-5_loss,val_output-6_accuracy,val_output-6_loss,val_output-7_accuracy,val_output-7_loss,val_output-8_accuracy,val_output-8_loss,val_output-9_accuracy,val_output-9_loss
0,2.035794734954834,1.0,0.822229266166687,0.9465205073356628,0.5887043476104736,1.3171168565750122,0.42078834772109985,2.0547690391540527,0.5164380073547363,1.9784895181655884,0.460530161857605,1.7912949323654175,0.3620545566082001,0.7665059566497803,0.404098242521286,2.14571475982666,0.4135975241661072,1.953704595565796,0.5493339896202087,1.4433379173278809,0.4496842324733734,1.9345157146453857,0.40904688835144043,2.303232192993164,0.41841351985931396,1.9016069173812866,0.3667113184928894,0.7733583450317383,0.4034680426120758,2.1577954292297363,0.45262956619262695,1.7498664855957031,103.82073211669922,29.79874038696289,41.561763763427734,0.3208227753639221,111.6752700805664,0.26878565549850464,117.59454345703125,0.18460685014724731,176.86431884765625,0.5302790403366089,93.1220474243164,0.3790821135044098,15.597823143005371,0.2654169201850891,118.99598693847656,0.5274254679679871,97.12268829345703,0.3210209310054779,112.76811981201172,0.18920418620109558,170.1772918701172,0.2710050642490387,120.60967254638672,0.5240567326545715,100.47664642333984,0.37761572003364563,30.377456665039062,0.2654169201850891,120.51519775390625,0.5328154563903809,94.5428695678711
1,1.8224077224731445,1.0,0.6530289053916931,0.8666204214096069,0.5267201066017151,1.5498120784759521,0.37416085600852966,1.9818094968795776,0.46779394149780273,1.9637362957000732,0.45218509435653687,1.6413484811782837,0.37680765986442566,0.5756980180740356,0.3576100468635559,2.120844602584839,0.4177965819835663,1.7983691692352295,0.515442967414856,1.485988736152649,0.39236342906951904,2.001121759414673,0.3649202585220337,2.1607534885406494,0.430373877286911,1.7898260354995728,0.36265820264816284,0.5765600204467773,0.3560710549354553,2.1055731773376465,0.4468517005443573,1.6361331939697266,2.030625343322754,0.6666927933692932,0.8350837230682373,0.3950142562389374,2.2605035305023193,0.40381261706352234,2.1252408027648926,0.40349555015563965,1.9294803142547607,0.5302790403366089,1.726141095161438,0.3790821135044098,0.6100209951400757,0.3953709602355957,2.8039708137512207,0.5274254679679871,1.7074099779129028,0.395053893327713,2.234177350997925,0.4039711356163025,2.1013495922088623,0.40393152832984924,2.839709997177124,0.5240567326545715,1.8266981840133667,0.37761572003364563,0.589960515499115,0.3953709602355957,2.779675245285034,0.5328154563903809,1.7443056106567383
2,1.8044670820236206,1.0,0.6536493897438049,0.8664434552192688,0.5187597870826721,1.4939457178115845,0.37580597400665283,1.9495995044708252,0.47427496314048767,1.8701403141021729,0.450141966342926,1.6259535551071167,0.3720248341560364,0.5784534215927124,0.35879746079444885,2.092877149581909,0.4081447124481201,1.7758169174194336,0.5187863111495972,1.464562177658081,0.37624379992485046,1.9751300811767578,0.3682636022567749,2.1444191932678223,0.42809855937957764,1.7636098861694336,0.35540106892585754,0.5779162645339966,0.35877755284309387,2.0842695236206055,0.4508650302886963,1.6196801662445068,2.019902229309082,0.6695647835731506,0.8349443674087524,0.3950142562389374,2.202664375305176,0.40381261706352234,2.0887722969055176,0.40349555015563965,1.88066565990448,0.5302790403366089,1.7258845567703247,0.3790821135044098,0.6076392531394958,0.3953709602355957,2.7523670196533203,0.5274254679679871,1.7632707357406616,0.395053893327713,2.1947824954986572,0.4039711356163025,2.0636415481567383,0.40393152832984924,2.780693292617798,0.5240567326545715,1.8975045680999756,0.37761572003364563,0.5912085175514221,0.3953709602355957,2.7331671714782715,0.5328154563903809,1.7244900465011597
3,1.7973428964614868,1.0,0.6532447934150696,0.8667168617248535,0.518089771270752,1.4873547554016113,0.37875130772590637,1.9438484907150269,0.48062992095947266,1.805442452430725,0.44845038652420044,1.6033128499984741,0.37131503224372864,0.5805329084396362,0.3587510287761688,2.0947370529174805,0.41292089223861694,1.7744132280349731,0.5181760191917419,1.469838261604309,0.37938812375068665,1.9590829610824585,0.3642370104789734,2.1450486183166504,0.43081167340278625,1.7537240982055664,0.35690024495124817,0.5791237950325012,0.359162300825119,2.0900990962982178,0.44971078634262085,1.5954045057296753,2.003889799118042,0.6643747091293335,0.8326043486595154,0.3950142562389374,2.217085599899292,0.40381261706352234,2.0734643936157227,0.40349555015563965,1.8439258337020874,0.5302790403366089,1.6494026184082031,0.3790821135044098,0.6034348011016846,0.3953709602355957,2.776085376739502,0.5274254679679871,1.7384839057922363,0.395053893327713,2.205155849456787,0.4039711356163025,2.0628786087036133,0.40393152832984924,2.791275978088379,0.5240567326545715,1.8438719511032104,0.37761572003364563,0.5878649353981018,0.3953709602355957,2.752117872238159,0.5328154563903809,1.6452540159225464
4,1.801254391670227,1.0,0.6538479924201965,0.8659321665763855,0.5151975750923157,1.4996975660324097,0.37520894408226013,1.9315218925476074,0.480145663022995,1.760002851486206,0.4541220963001251,1.6340594291687012,0.3648672103881836,0.5853182673454285,0.3556332290172577,2.087388753890991,0.41662243008613586,1.803004264831543,0.5152506232261658,1.4873076677322388,0.37503647804260254,1.943044662475586,0.3574441969394684,2.1404592990875244,0.42169713973999023,1.7796823978424072,0.3510361611843109,0.5837801098823547,0.36261841654777527,2.0847692489624023,0.45491814613342285,1.6280912160873413,2.0133962631225586,0.6665706038475037,0.8340393900871277,0.3950142562389374,2.282918930053711,0.40381261706352234,2.0718133449554443,0.40349555015563965,1.8506813049316406,0.5302790403366089,1.709930419921875,0.3790821135044098,0.6063804030418396,0.3953709602355957,2.7096331119537354,0.5274254679679871,1.7502659559249878,0.395053893327713,2.2685627937316895,0.4039711356163025,2.0739614963531494,0.40393152832984924,2.748685359954834,0.5240567326545715,1.8662875890731812,0.37761572003364563,0.5892462730407715,0.3953709602355957,2.6985647678375244,0.5328154563903809,1.7095787525177002
5,1.7832976579666138,1.0,0.6534620523452759,0.8662503957748413,0.5140101313591003,1.4684386253356934,0.37634992599487305,1.9150277376174927,0.49164167046546936,1.697224497795105,0.4444768726825714,1.608364224433899,0.37301987409591675,0.5826099514961243,0.3595868647098541,2.0716986656188965,0.41938865184783936,1.7579917907714844,0.5140499472618103,1.4600069522857666,0.3792819678783417,1.9242836236953735,0.3625586926937103,2.1261327266693115,0.42766737937927246,1.7362661361694336,0.35210418701171875,0.579608142375946,0.3595603406429291,2.068258047103882,0.4478732645511627,1.600803256034851,1.962585210800171,0.6615633964538574,0.8333780169487,0.3950142562389374,2.10361385345459,0.40381261706352234,1.9841084480285645,0.40349555015563965,1.7983466386795044,0.5302790403366089,1.6472355127334595,0.3790821135044098,0.6133626699447632,0.3953709602355957,2.6517271995544434,0.5274254679679871,1.739539384841919,0.395053893327713,2.0987484455108643,0.4039711356163025,1.9853380918502808,0.40393152832984924,2.6867849826812744,0.5240567326545715,1.8416301012039185,0.37761572003364563,0.597353458404541,0.3953709602355957,2.6270525455474854,0.5328154563903809,1.6455901861190796
6,1.786179542541504,1.0,0.65360426902771,0.8664354085922241,0.515489399433136,1.4634910821914673,0.3764626979827881,1.9190396070480347,0.497419536113739,1.6923162937164307,0.4513426423072815,1.6239372491836548,0.3660811483860016,0.5862014293670654,0.3569997549057007,2.069849729537964,0.41711995005607605,1.7726331949234009,0.515535831451416,1.458082675933838,0.37989890575408936,1.9250752925872803,0.3636068105697632,2.123100519180298,0.43587973713874817,1.7507224082946777,0.3507973551750183,0.5832969546318054,0.35758352279663086,2.0660784244537354,0.4528285562992096,1.6176658868789673,1.982869267463684,0.6674330830574036,0.8348225355148315,0.3950142562389374,2.13344407081604,0.40381261706352234,2.0011775493621826,0.40349555015563965,1.7864441871643066,0.5302790403366089,1.6642539501190186,0.3790821135044098,0.6134923100471497,0.3953709602355957,2.688021659851074,0.5274254679679871,1.7635365724563599,0.395053893327713,2.1319663524627686,0.4039711356163025,1.9996258020401,0.40393152832984924,2.713545799255371,0.5240567326545715,1.8822113275527954,0.37761572003364563,0.5977436304092407,0.3953709602355957,2.669658660888672,0.5328154563903809,1.6636031866073608
7,1.7883634567260742,1.0,0.6534934639930725,0.8657914996147156,0.5179969072341919,1.4713211059570312,0.3821476995944977,1.921609878540039,0.49681589007377625,1.6667003631591797,0.45109057426452637,1.6144479513168335,0.3643763065338135,0.5850499868392944,0.35575929284095764,2.0893988609313965,0.40781304240226746,1.7811378240585327,0.518069863319397,1.4669430255889893,0.38220739364624023,1.925917387008667,0.3636532425880432,2.1406829357147217,0.4326823651790619,1.7566931247711182,0.34728819131851196,0.5812682509422302,0.3556266129016876,2.0869197845458984,0.45230451226234436,1.6093071699142456,2.0078845024108887,0.6716556549072266,0.834502637386322,0.3950142562389374,2.226301431655884,0.40381261706352234,2.023482322692871,0.40349555015563965,1.7743538618087769,0.5302790403366089,1.6798042058944702,0.3790821135044098,0.6056295037269592,0.3953709602355957,2.738649606704712,0.5274254679679871,1.7877533435821533,0.395053893327713,2.222191095352173,0.4039711356163025,2.0255582332611084,0.40393152832984924,2.751142740249634,0.5240567326545715,1.89407217502594,0.37761572003364563,0.5929337739944458,0.3953709602355957,2.722123146057129,0.5328154563903809,1.680570363998413
8,1.6475682258605957,0.5,0.6516004800796509,0.8570443987846375,0.46222835779190063,1.065850019454956,0.3100472390651703,1.5980736017227173,0.38714277744293213,1.8637645244598389,0.4348846971988678,1.5974043607711792,0.3370525538921356,0.6236404180526733,0.3014965355396271,1.6581566333770752,0.4004961848258972,1.6214827299118042,0.4623013138771057,1.0644112825393677,0.3100936710834503,1.5998598337173462,0.311858206987381,1.7178031206130981,0.4074680805206299,1.6373306512832642,0.32492637634277344,0.6256787180900574,0.3011980354785919,1.6566396951675415,0.4387985169887543,1.589260220527649,1.8796237707138062,0.6544515490531921,0.8360797166824341,0.3950142562389374,1.5984467267990112,0.40381261706352234,2.052273988723755,0.40349555015563965,2.5333681106567383,0.15472416579723358,1.7146868705749512,0.3790821135044098,0.6837218403816223,0.3953709602355957,2.0781328678131104,0.14319118857383728,1.792062759399414,0.395053893327713,1.5961976051330566,0.4039711356163025,2.055044651031494,0.40393152832984924,2.1185240745544434,0.1465599238872528,1.7810064554214478,0.37761572003364563,0.7130419611930847,0.3953709602355957,2.070650815963745,0.15262365341186523,1.7162857055664062
9,1.6456730365753174,0.5,0.6504766345024109,0.8586186170578003,0.46777403354644775,1.0315381288528442,0.30848169326782227,1.594749093055725,0.3307042121887207,1.8757742643356323,0.41013479232788086,1.6390936374664307,0.3363560438156128,0.6235419511795044,0.30219969153404236,1.62781822681427,0.3912821412086487,1.6455318927764893,0.4678536355495453,1.0303572416305542,0.30851486325263977,1.596177577972412,0.31095603108406067,1.6896717548370361,0.3836800456047058,1.6654126644134521,0.32801762223243713,0.6244153380393982,0.2996324896812439,1.6272767782211304,0.4125361442565918,1.632566213607788,1.9007494449615479,0.6554339528083801,0.8366026878356934,0.3950142562389374,1.6271545886993408,0.40381261706352234,2.079537868499756,0.40349555015563965,2.4310731887817383,0.15472416579723358,1.7830241918563843,0.3790821135044098,0.6981914043426514,0.3953709602355957,2.1234984397888184,0.14319118857383728,1.839097499847412,0.395053893327713,1.625294804573059,0.4039711356163025,2.081836462020874,0.40393152832984924,2.163280963897705,0.1465599238872528,1.8391859531402588,0.37761572003364563,0.7188413143157959,0.3953709602355957,2.115131378173828,0.15262365341186523,1.7811611890792847
10,1.6457322835922241,0.5,0.652175784111023,0.8594882488250732,0.468364417552948,1.039379596710205,0.30877357721328735,1.5987201929092407,0.32644546031951904,1.8218915462493896,0.41083794832229614,1.6331267356872559,0.3362565338611603,0.623221755027771,0.29906201362609863,1.636357307434082,0.3930400311946869,1.6409204006195068,0.46842411160469055,1.038480281829834,0.3087802231311798,1.5996975898742676,0.3087470531463623,1.6969901323318481,0.3872024714946747,1.65781569480896,0.3299546241760254,0.6218776702880859,0.29612997174263,1.63577401638031,0.41185951232910156,1.6268656253814697,1.8991512060165405,0.6571606993675232,0.8386741876602173,0.3950142562389374,1.6376827955245972,0.40381261706352234,2.0716922283172607,0.40349555015563965,2.353863000869751,0.15472416579723358,1.788213849067688,0.3790821135044098,0.696178674697876,0.3953709602355957,2.1348159313201904,0.14319118857383728,1.8238518238067627,0.395053893327713,1.6363312005996704,0.4039711356163025,2.0731959342956543,0.40393152832984924,2.173063278198242,0.1465599238872528,1.8243608474731445,0.37761572003364563,0.7106044888496399,0.3953709602355957,2.126375675201416,0.15262365341186523,1.7895804643630981
11,1.6467036008834839,0.5,0.6506420969963074,0.8600706458091736,0.46701779961586,1.045732021331787,0.30816328525543213,1.6045539379119873,0.32233262062072754,1.7938387393951416,0.40098708868026733,1.6407604217529297,0.3350094258785248,0.6205298900604248,0.2958579957485199,1.6471607685089111,0.3957531750202179,1.6473658084869385,0.4670443534851074,1.045124888420105,0.30814337730407715,1.6051819324493408,0.31175869703292847,1.7077873945236206,0.3911627233028412,1.6632115840911865,0.3236527144908905,0.6196383237838745,0.2958579957485199,1.6469722986221313,0.4034149646759033,1.6333692073822021,1.9040166139602661,0.65256667137146,0.8377229571342468,0.3950142562389374,1.6604119539260864,0.40381261706352234,2.0851190090179443,0.40349555015563965,2.3278374671936035,0.15472416579723358,1.8177409172058105,0.3790821135044098,0.6902495622634888,0.3953709602355957,2.1548826694488525,0.14319118857383728,1.8434230089187622,0.395053893327713,1.6597685813903809,0.4039711356163025,2.085822105407715,0.40393152832984924,2.1943416595458984,0.1465599238872528,1.846799373626709,0.37761572003364563,0.6998642683029175,0.3953709602355957,2.147871255874634,0.15262365341186523,1.8148667812347412
12,1.5242793560028076,0.25,0.648745059967041,0.8554408550262451,0.47663649916648865,0.8697595596313477,0.3050985634326935,1.412686824798584,0.2937883138656616,1.5340713262557983,0.5142091512680054,1.4427024126052856,0.38059544563293457,0.6101394891738892,0.28217288851737976,1.4460530281066895,0.5087629556655884,1.454234004020691,0.47668957710266113,0.8693767786026001,0.30660438537597656,1.4124794006347656,0.3006872534751892,1.508036494255066,0.5026799440383911,1.4635934829711914,0.3790564239025116,0.606136679649353,0.28210654854774475,1.4448086023330688,0.5169621109962463,1.4366085529327393,1.5808485746383667,0.6523004770278931,0.8401681780815125,0.3950142562389374,1.0236890316009521,0.40381261706352234,1.5128182172775269,0.40349555015563965,1.6161617040634155,0.5302790403366089,1.5088382959365845,0.3790821135044098,0.6159106492996216,0.3953709602355957,1.5292527675628662,0.5274254679679871,1.496023178100586,0.395053893327713,1.0234711170196533,0.4039711356163025,1.5124833583831787,0.40393152832984924,1.5800492763519287,0.5240567326545715,1.5019423961639404,0.37761572003364563,0.6165441870689392,0.3953709602355957,1.5258327722549438,0.5328154563903809,1.5079466104507446
13,1.5038764476776123,0.25,0.6491460204124451,0.8549379110336304,0.4797211289405823,0.8285180926322937,0.2850983142852783,1.3753844499588013,0.2845012843608856,1.4841252565383911,0.5322856903076172,1.4278336763381958,0.38059544563293457,0.6047473549842834,0.28004351258277893,1.4021638631820679,0.5273038744926453,1.4353231191635132,0.47977420687675476,0.8281883597373962,0.2851314842700958,1.3751589059829712,0.2838379144668579,1.4650368690490723,0.5239870548248291,1.4445430040359497,0.3790564239025116,0.6005512475967407,0.2800634205341339,1.4012914896011353,0.5353238582611084,1.42173433303833,1.5881423950195312,0.6520007848739624,0.8402130007743835,0.3950142562389374,1.0402543544769287,0.40381261706352234,1.5303293466567993,0.40349555015563965,1.626515507698059,0.5302790403366089,1.5168834924697876,0.3790821135044098,0.6117447018623352,0.3953709602355957,1.544382929801941,0.5274254679679871,1.5067192316055298,0.395053893327713,1.0399235486984253,0.4039711356163025,1.5299676656723022,0.40393152832984924,1.5941269397735596,0.5240567326545715,1.5122082233428955,0.37761572003364563,0.6124153137207031,0.3953709602355957,1.541304349899292,0.5328154563903809,1.5160527229309082
14,1.5060092210769653,0.25,0.648956835269928,0.8549643158912659,0.47710084915161133,0.8335288166999817,0.2853039503097534,1.3805359601974487,0.28523099422454834,1.4877277612686157,0.5322856903076172,1.4293371438980103,0.38059544563293457,0.602053701877594,0.28147637844085693,1.4076793193817139,0.5273038744926453,1.4394999742507935,0.47712740302085876,0.8332028388977051,0.28533047437667847,1.3802343606948853,0.28580811619758606,1.4705384969711304,0.5239870548248291,1.448514699935913,0.3790564239025116,0.5976899862289429,0.2822856605052948,1.4072519540786743,0.5353238582611084,1.4232505559921265,1.6026034355163574,0.6531791090965271,0.8404952883720398,0.3950142562389374,1.0760798454284668,0.40381261706352234,1.553619623184204,0.40349555015563965,1.652347445487976,0.5302790403366089,1.5270997285842896,0.3790821135044098,0.607699990272522,0.3953709602355957,1.5730246305465698,0.5274254679679871,1.519558072090149,0.395053893327713,1.0759856700897217,0.4039711356163025,1.5533424615859985,0.40393152832984924,1.6219801902770996,0.5240567326545715,1.5245614051818848,0.37761572003364563,0.6079593300819397,0.3953709602355957,1.5694249868392944,0.15262365341186523,1.525802731513977
15,1.5100293159484863,0.25,0.6495129466056824,0.8552442193031311,0.4753960371017456,0.8416017293930054,0.28586116433143616,1.3873170614242554,0.2856687903404236,1.4925756454467773,0.5233966708183289,1.4333209991455078,0.38059544563293457,0.5993269085884094,0.28196725249290466,1.4152507781982422,0.5273038744926453,1.4446513652801514,0.4754822552204132,0.8412829041481018,0.2859208881855011,1.3870385885238647,0.2853039503097534,1.4781434535980225,0.5239870548248291,1.4534043073654175,0.3790564239025116,0.5948071479797363,0.28198716044425964,1.4142308235168457,0.5220832228660583,1.427382469177246,1.6072434186935425,0.6541526913642883,0.8399304151535034,0.3950142562389374,1.0844794511795044,0.40381261706352234,1.5651602745056152,0.40349555015563965,1.6586819887161255,0.5302790403366089,1.5277568101882935,0.3790821135044098,0.6052692532539368,0.3953709602355957,1.5836153030395508,0.5274254679679871,1.5191055536270142,0.395053893327713,1.0843260288238525,0.4039711356163025,1.564790964126587,0.40393152832984924,1.6328617334365845,0.5240567326545715,1.5239652395248413,0.37761572003364563,0.6052023768424988,0.3953709602355957,1.5803439617156982,0.15262365341186523,1.5262569189071655
16,1.4691240787506104,0.125,0.6490525603294373,0.8538552522659302,0.5548995733261108,0.7872982025146484,0.2940337657928467,1.326499581336975,0.292030394077301,1.4179176092147827,0.5280666947364807,1.3676941394805908,0.38059544563293457,0.5785631537437439,0.2907567620277405,1.349731206893921,0.5273038744926453,1.3784857988357544,0.5549460053443909,0.7870222330093384,0.2940470278263092,1.3260711431503296,0.29392099380493164,1.4128034114837646,0.5239870548248291,1.385310411453247,0.3790564239025116,0.5732070803642273,0.2907567620277405,1.3490386009216309,0.5219638347625732,1.3617960214614868,1.4675748348236084,0.645381510257721,0.8421820998191833,0.3950142562389374,0.8194336295127869,0.40381261706352234,1.3332254886627197,0.40349555015563965,1.4130969047546387,0.5302790403366089,1.3656967878341675,0.3790821135044098,0.5720674991607666,0.3953709602355957,1.3528616428375244,0.5274254679679871,1.3694220781326294,0.395053893327713,0.8198291063308716,0.4039711356163025,1.3325927257537842,0.40393152832984924,1.4075384140014648,0.5240567326545715,1.3749233484268188,0.37761572003364563,0.569496214389801,0.3953709602355957,1.3517491817474365,0.5328154563903809,1.361930012702942
17,1.4564499855041504,0.125,0.6482623219490051,0.8537788987159729,0.5585546493530273,0.7638264894485474,0.2930785119533539,1.3050135374069214,0.28312814235687256,1.394090175628662,0.5322856903076172,1.354288935661316,0.38059544563293457,0.5764265656471252,0.284063458442688,1.3268977403640747,0.5273038744926453,1.3661222457885742,0.5586209893226624,0.7635922431945801,0.29308515787124634,1.304539442062378,0.28755274415016174,1.3903896808624268,0.5239870548248291,1.3731263875961304,0.3790564239025116,0.570806622505188,0.284063458442688,1.3264731168746948,0.5353238582611084,1.3481587171554565,1.4735357761383057,0.6453693509101868,0.8419921398162842,0.3950142562389374,0.8331067562103271,0.40381261706352234,1.3443289995193481,0.40349555015563965,1.4238406419754028,0.5302790403366089,1.373360276222229,0.3790821135044098,0.5706597566604614,0.3953709602355957,1.3643189668655396,0.5274254679679871,1.3762496709823608,0.395053893327713,0.8333951830863953,0.4039711356163025,1.34360933303833,0.40393152832984924,1.4183028936386108,0.5240567326545715,1.3813859224319458,0.37761572003364563,0.5679181814193726,0.3953709602355957,1.363054871559143,0.5328154563903809,1.3697959184646606
18,1.4586905241012573,0.125,0.6484477519989014,0.8537957668304443,0.5540173053741455,0.7689911723136902,0.2805410325527191,1.3089853525161743,0.2773171067237854,1.3979315757751465,0.5322856903076172,1.3570501804351807,0.38059544563293457,0.5746038556098938,0.27778810262680054,1.3311009407043457,0.5273038744926453,1.36857008934021,0.5540902614593506,0.7687352299690247,0.28055429458618164,1.3085130453109741,0.2810518145561218,1.3943458795547485,0.5239870548248291,1.3754241466522217,0.3790564239025116,0.5688994526863098,0.27780136466026306,1.3306477069854736,0.5353238582611084,1.3510546684265137,1.4767619371414185,0.6467722654342651,0.8423601388931274,0.3950142562389374,0.837600827217102,0.40381261706352234,1.3480852842330933,0.40349555015563965,1.4279364347457886,0.5302790403366089,1.374755859375,0.3790821135044098,0.5700362920761108,0.3953709602355957,1.3681544065475464,0.5274254679679871,1.3775343894958496,0.395053893327713,0.837953507900238,0.4039711356163025,1.3474116325378418,0.40393152832984924,1.422387719154358,0.5240567326545715,1.383009910583496,0.37761572003364563,0.5667757391929626,0.3953709602355957,1.367079496383667,0.5328154563903809,1.3710695505142212
19,1.4596680402755737,0.125,0.6483432054519653,0.8537742495536804,0.547012209892273,0.7695882320404053,0.28377822041511536,1.3108688592910767,0.28024914860725403,1.4000492095947266,0.5322856903076172,1.3589844703674316,0.38059544563293457,0.5746715664863586,0.27890917658805847,1.3332728147506714,0.5273038744926453,1.3706272840499878,0.547078549861908,0.7693495750427246,0.2838180363178253,1.310387134552002,0.2820800244808197,1.396708369255066,0.5239870548248291,1.3776297569274902,0.3790564239025116,0.5688336491584778,0.2772773206233978,1.3328229188919067,0.5353238582611084,1.352696180343628,1.4771431684494019,0.646920919418335,0.8422738909721375,0.3950142562389374,0.8383959531784058,0.40381261706352234,1.3498940467834473,0.40349555015563965,1.4267107248306274,0.5302790403366089,1.3746533393859863,0.3790821135044098,0.568671464920044,0.3953709602355957,1.3688172101974487,0.5274254679679871,1.378554105758667,0.395053893327713,0.8388054966926575,0.4039711356163025,1.349251627922058,0.40393152832984924,1.4226515293121338,0.5240567326545715,1.3838112354278564,0.37761572003364563,0.5653397440910339,0.3953709602355957,1.3675693273544312,0.5328154563903809,1.3713207244873047
20,1.442401647567749,0.0625,0.6462860107421875,0.8520166277885437,0.5463554859161377,0.7504592537879944,0.3035595715045929,1.2872768640518188,0.3036126494407654,1.3721803426742554,0.5322856903076172,1.3347768783569336,0.38059544563293457,0.5670298933982849,0.2964218556880951,1.3074580430984497,0.5273038744926453,1.3461250066757202,0.5464152097702026,0.7502357363700867,0.30358612537384033,1.286773443222046,0.3007203936576843,1.3708370923995972,0.5239870548248291,1.3525023460388184,0.3790564239025116,0.5608206391334534,0.29641520977020264,1.3068623542785645,0.5353238582611084,1.3289753198623657,1.4313240051269531,0.6436277031898499,0.8467317819595337,0.3950142562389374,0.7514145970344543,0.40381261706352234,1.2718288898468018,0.40349555015563965,1.3518474102020264,0.5302790403366089,1.3248952627182007,0.3790821135044098,0.5569732189178467,0.3953709602355957,1.2930989265441895,0.5274254679679871,1.3303248882293701,0.395053893327713,0.7518662810325623,0.4039711356163025,1.271201491355896,0.40393152832984924,1.3496654033660889,0.5240567326545715,1.3364276885986328,0.37761572003364563,0.5513580441474915,0.3953709602355957,1.2928307056427002,0.5328154563903809,1.3201960325241089
21,1.435870885848999,0.0625,0.6457895040512085,0.8529436588287354,0.5547602772712708,0.7398401498794556,0.2828826904296875,1.2768568992614746,0.28273674845695496,1.361183524131775,0.5322856903076172,1.3274734020233154,0.38059544563293457,0.565083384513855,0.28029558062553406,1.296063780784607,0.5273038744926453,1.3385735750198364,0.5548067092895508,0.7396055459976196,0.282915860414505,1.2763680219650269,0.2842492163181305,1.3598397970199585,0.5239870548248291,1.3451067209243774,0.3790564239025116,0.5584191679954529,0.28029558062553406,1.2957288026809692,0.5353238582611084,1.3214783668518066,1.4327925443649292,0.6440736651420593,0.846760094165802,0.3950142562389374,0.7534423470497131,0.40381261706352234,1.273820161819458,0.40349555015563965,1.3536332845687866,0.5302790403366089,1.326543927192688,0.3790821135044098,0.5563860535621643,0.3953709602355957,1.294980764389038,0.5274254679679871,1.331944227218628,0.395053893327713,0.7538696527481079,0.4039711356163025,1.2731571197509766,0.40393152832984924,1.3514426946640015,0.5240567326545715,1.3379591703414917,0.37761572003364563,0.5505647659301758,0.3953709602355957,1.2947289943695068,0.5328154563903809,1.3219099044799805
22,1.4364413022994995,0.0625,0.6457206010818481,0.8531526923179626,0.5546010732650757,0.7407345175743103,0.2794332206249237,1.2778148651123047,0.2794133126735687,1.362422227859497,0.5322856903076172,1.3285986185073853,0.38059544563293457,0.564537525177002,0.2756255567073822,1.2974672317504883,0.5273038744926453,1.3399338722229004,0.5546607375144958,0.7404838800430298,0.27949291467666626,1.2773276567459106,0.27951282262802124,1.3611741065979004,0.5239870548248291,1.3464182615280151,0.3790564239025116,0.5577651262283325,0.2756255567073822,1.2971158027648926,0.5353238582611084,1.3226172924041748,1.432511806488037,0.6436659693717957,0.8464758396148682,0.3950142562389374,0.7540827989578247,0.40381261706352234,1.2743275165557861,0.40349555015563965,1.3540065288543701,0.5302790403366089,1.3265492916107178,0.3790821135044098,0.5553122758865356,0.3953709602355957,1.2955776453018188,0.5274254679679871,1.3320425748825073,0.395053893327713,0.7545297741889954,0.4039711356163025,1.2736616134643555,0.40393152832984924,1.3520036935806274,0.5240567326545715,1.3381006717681885,0.37761572003364563,0.5492838025093079,0.3953709602355957,1.2952572107315063,0.5328154563903809,1.3221848011016846
23,1.4364252090454102,0.0625,0.645709216594696,0.8529235124588013,0.5573009252548218,0.741117537021637,0.2782060205936432,1.2780314683914185,0.2782060205936432,1.3624489307403564,0.5322856903076172,1.3287285566329956,0.38059544563293457,0.5635349154472351,0.2745509147644043,1.2976104021072388,0.5273038744926453,1.3399451971054077,0.5573606491088867,0.7408859729766846,0.2782192826271057,1.27754545211792,0.2781529426574707,1.361342191696167,0.5239870548248291,1.346522569656372,0.3790564239025116,0.5566166639328003,0.2745509147644043,1.2972184419631958,0.5353238582611084,1.322762370109558,1.4339321851730347,0.6442379951477051,0.8465104699134827,0.3950142562389374,0.7560597062110901,0.40381261706352234,1.2755811214447021,0.40349555015563965,1.3557575941085815,0.5302790403366089,1.3277897834777832,0.3790821135044098,0.5547618269920349,0.3953709602355957,1.2974979877471924,0.5274254679679871,1.333043098449707,0.395053893327713,0.7564920783042908,0.4039711356163025,1.2749428749084473,0.40393152832984924,1.353761911392212,0.5240567326545715,1.3390247821807861,0.37761572003364563,0.5485315918922424,0.3953709602355957,1.297216534614563,0.5328154563903809,1.3234225511550903
24,1.4292654991149902,0.03125,0.6445358395576477,0.8511752486228943,0.5474367737770081,0.733927309513092,0.29614323377609253,1.268660306930542,0.29618966579437256,1.3515580892562866,0.5322856903076172,1.3193787336349487,0.38059544563293457,0.5608103275299072,0.2917119860649109,1.287122130393982,0.5273038744926453,1.3300138711929321,0.5475031137466431,0.7336931228637695,0.296196311712265,1.2681667804718018,0.29629579186439514,1.350785732269287,0.5239870548248291,1.3363499641418457,0.3790564239025116,0.5537880063056946,0.2917119860649109,1.2867554426193237,0.5353238582611084,1.3135766983032227,1.4174286127090454,0.6418768167495728,0.8487176299095154,0.5965044498443604,0.726159393787384,0.40381261706352234,1.249859094619751,0.40349555015563965,1.3310028314590454,0.5302790403366089,1.3120886087417603,0.3790821135044098,0.550161600112915,0.3953709602355957,1.2721182107925415,0.5274254679679871,1.3178367614746094,0.5963459014892578,0.7266551852226257,0.4039711356163025,1.2492167949676514,0.40393152832984924,1.3296111822128296,0.5240567326545715,1.324175238609314,0.37761572003364563,0.5431126356124878,0.3953709602355957,1.2718864679336548,0.5328154563903809,1.3071517944335938
25,1.425070881843567,0.03125,0.6439733505249023,0.8526026010513306,0.599742591381073,0.7272115349769592,0.2927667498588562,1.2623697519302368,0.29313158988952637,1.3449699878692627,0.5322856903076172,1.3152046203613281,0.38059544563293457,0.5592975616455078,0.2872873842716217,1.2804001569747925,0.5273038744926453,1.3258371353149414,0.5998023152351379,0.7269813418388367,0.2927866280078888,1.2618675231933594,0.2917783260345459,1.3442806005477905,0.5239870548248291,1.3322606086730957,0.3790564239025116,0.55194491147995,0.28708839416503906,1.2800955772399902,0.5353238582611084,1.3092442750930786,1.416956901550293,0.6412439346313477,0.8491932153701782,0.5965044498443604,0.726900041103363,0.40381261706352234,1.250191569328308,0.40349555015563965,1.3314793109893799,0.5302790403366089,1.3122869729995728,0.3790821135044098,0.5495175123214722,0.3953709602355957,1.2725460529327393,0.5274254679679871,1.3179969787597656,0.5963459014892578,0.7273898720741272,0.4039711356163025,1.2495585680007935,0.40393152832984924,1.330055832862854,0.5240567326545715,1.3243328332901,0.37761572003364563,0.542307436466217,0.3953709602355957,1.2723308801651,0.5328154563903809,1.307358980178833
26,1.425357460975647,0.03125,0.6440762877464294,0.8528003096580505,0.599742591381073,0.7278861403465271,0.29386791586875916,1.262829065322876,0.2938612699508667,1.345395803451538,0.5322856903076172,1.3154966831207275,0.38059544563293457,0.5586181879043579,0.28968876600265503,1.2808939218521118,0.5273038744926453,1.3260787725448608,0.5998023152351379,0.7276548147201538,0.29390108585357666,1.262315273284912,0.2929856479167938,1.3447158336639404,0.5239870548248291,1.3325488567352295,0.3790564239025116,0.5511505007743835,0.2896622121334076,1.2805651426315308,0.5353238582611084,1.3094661235809326,1.4173493385314941,0.6414004564285278,0.8492109775543213,0.5965044498443604,0.7274786829948425,0.40381261706352234,1.2507387399673462,0.40349555015563965,1.331915259361267,0.5302790403366089,1.31272292137146,0.3790821135044098,0.5488678812980652,0.3953709602355957,1.2731211185455322,0.5274254679679871,1.3184893131256104,0.5963459014892578,0.7279695868492126,0.4039711356163025,1.2501113414764404,0.40393152832984924,1.3305248022079468,0.5240567326545715,1.324787974357605,0.37761572003364563,0.541517436504364,0.3953709602355957,1.2728896141052246,0.5328154563903809,1.3078404664993286
27,1.425620675086975,0.03125,0.6440019011497498,0.8527010679244995,0.599742591381073,0.7285056710243225,0.2931448519229889,1.2635070085525513,0.2930055558681488,1.3461811542510986,0.5322856903076172,1.3160802125930786,0.38059544563293457,0.558090090751648,0.2888927161693573,1.2816601991653442,0.5273038744926453,1.3265918493270874,0.5998023152351379,0.7282692790031433,0.29682648181915283,1.263007402420044,0.29674026370048523,1.3454945087432861,0.5239870548248291,1.3330185413360596,0.3790564239025116,0.5505159497261047,0.2888728082180023,1.2813400030136108,0.5353238582611084,1.310115098953247,1.417924165725708,0.6417825818061829,0.8491725325584412,0.5965044498443604,0.7281726598739624,0.40381261706352234,1.251254916191101,0.40349555015563965,1.332451581954956,0.5302790403366089,1.3129116296768188,0.3790821135044098,0.5482391715049744,0.3953709602355957,1.2736907005310059,0.5274254679679871,1.3185985088348389,0.5963459014892578,0.7286697626113892,0.4039711356163025,1.250633716583252,0.40393152832984924,1.3310520648956299,0.5240567326545715,1.3249027729034424,0.37761572003364563,0.5407816767692566,0.3953709602355957,1.273457646369934,0.5328154563903809,1.308018445968628
28,1.421768069267273,0.015625,0.6433849334716797,0.8515228629112244,0.599742591381073,0.724513590335846,0.33487674593925476,1.2583942413330078,0.3318518400192261,1.3403266668319702,0.5322856903076172,1.3111131191253662,0.38059544563293457,0.5566847324371338,0.32579535245895386,1.2758867740631104,0.5273038744926453,1.3213090896606445,0.5998023152351379,0.7242878079414368,0.33494308590888977,1.257888674736023,0.3346644639968872,1.3396918773651123,0.5239870548248291,1.32765793800354,0.3790564239025116,0.5490584969520569,0.3258019983768463,1.2756450176239014,0.5353238582611084,1.3051947355270386,1.4125349521636963,0.6408087015151978,0.8498426079750061,0.5965044498443604,0.7188290953636169,0.40381261706352234,1.2431232929229736,0.40349555015563965,1.3248274326324463,0.5302790403366089,1.3081862926483154,0.3790821135044098,0.54649418592453,0.3953709602355957,1.2657984495162964,0.5274254679679871,1.3140119314193726,0.5963459014892578,0.7193396091461182,0.4039711356163025,1.2425079345703125,0.40393152832984924,1.3236422538757324,0.5240567326545715,1.3204410076141357,0.37761572003364563,0.5386765599250793,0.3953709602355957,1.2654951810836792,0.5328154563903809,1.3031511306762695
29,1.419649600982666,0.015625,0.643172025680542,0.8522325754165649,0.599742591381073,0.7210472226142883,0.30114495754241943,1.255037546157837,0.30095258355140686,1.3369454145431519,0.5322856903076172,1.309044361114502,0.38059544563293457,0.5555810332298279,0.29574522376060486,1.2724024057388306,0.5273038744926453,1.319207787513733,0.5998023152351379,0.7208164930343628,0.3011980354785919,1.2545338869094849,0.30111178755760193,1.3363533020019531,0.5239870548248291,1.3256193399429321,0.3790564239025116,0.5477427244186401,0.29573196172714233,1.272157073020935,0.5353238582611084,1.30306077003479,1.4126529693603516,0.6410479545593262,0.8503625988960266,0.5965044498443604,0.7188275456428528,0.40381261706352234,1.2430309057235718,0.40349555015563965,1.3247376680374146,0.5302790403366089,1.3081283569335938,0.3790821135044098,0.5457737445831299,0.3953709602355957,1.265718936920166,0.5274254679679871,1.313907265663147,0.5963459014892578,0.7193384170532227,0.4039711356163025,1.2424248456954956,0.40393152832984924,1.323553204536438,0.5240567326545715,1.3203400373458862,0.37761572003364563,0.5378089547157288,0.3953709602355957,1.2654222249984741,0.5328154563903809,1.3030849695205688
30,1.4195748567581177,0.015625,0.6431307792663574,0.8525175452232361,0.599742591381073,0.721139132976532,0.3074468672275543,1.2551311254501343,0.305217981338501,1.3370412588119507,0.5322856903076172,1.3089195489883423,0.38059544563293457,0.5550402998924255,0.29873695969581604,1.272535800933838,0.5273038744926453,1.319175124168396,0.5998023152351379,0.7209116220474243,0.3074535131454468,1.254631519317627,0.30735400319099426,1.3364664316177368,0.5239870548248291,1.3255908489227295,0.3790564239025116,0.5471044778823853,0.29875022172927856,1.2722761631011963,0.5353238582611084,1.302918553352356,1.4124637842178345,0.6408549547195435,0.8504759073257446,0.5965044498443604,0.7189666628837585,0.40381261706352234,1.2431645393371582,0.40349555015563965,1.3248347043991089,0.5302790403366089,1.308219313621521,0.3790821135044098,0.5451869964599609,0.3953709602355957,1.265824794769287,0.5274254679679871,1.3140239715576172,0.5963459014892578,0.7194772362709045,0.4039711356163025,1.2425425052642822,0.40393152832984924,1.3236570358276367,0.5240567326545715,1.3204536437988281,0.37761572003364563,0.5371202826499939,0.3953709602355957,1.2655202150344849,0.5328154563903809,1.3031808137893677
31,1.4197074174880981,0.015625,0.6432668566703796,0.8526026606559753,0.599742591381073,0.7212383151054382,0.3022992014884949,1.2552205324172974,0.30206039547920227,1.337074875831604,0.5322856903076172,1.3091171979904175,0.38059544563293457,0.5544397234916687,0.29690608382225037,1.2725651264190674,0.5273038744926453,1.3193589448928833,0.5998023152351379,0.7210088968276978,0.3023456335067749,1.254717469215393,0.30221959948539734,1.3365100622177124,0.5239870548248291,1.325766921043396,0.3790564239025116,0.5463867783546448,0.29690608382225037,1.2723071575164795,0.5353238582611084,1.3031014204025269,1.4126980304718018,0.6410571336746216,0.8505391478538513,0.5965044498443604,0.719173789024353,0.40381261706352234,1.2433561086654663,0.40349555015563965,1.3250013589859009,0.5302790403366089,1.308289885520935,0.3790821135044098,0.5446841716766357,0.3953709602355957,1.2659988403320312,0.5274254679679871,1.3140863180160522,0.5963459014892578,0.7196815609931946,0.4039711356163025,1.2427310943603516,0.40393152832984924,1.3238180875778198,0.5240567326545715,1.3205177783966064,0.37761572003364563,0.5365049242973328,0.3953709602355957,1.2657124996185303,0.5328154563903809,1.3032594919204712
32,1.4178131818771362,0.0078125,0.6428492069244385,0.8520823121070862,0.599742591381073,0.7197027206420898,0.4005492627620697,1.2529393434524536,0.39991244673728943,1.3344417810440063,0.5322856903076172,1.3067899942398071,0.38059544563293457,0.5536271333694458,0.3923236131668091,1.2699459791183472,0.5273038744926453,1.3167917728424072,0.5998023152351379,0.7194750308990479,0.4006487727165222,1.2524288892745972,0.4001180827617645,1.3338475227355957,0.5239870548248291,1.3231794834136963,0.3790564239025116,0.5455365180969238,0.39229708909988403,1.2697546482086182,0.5353238582611084,1.3008226156234741,1.410986304283142,0.6405550241470337,0.8506620526313782,0.5965044498443604,0.7164328098297119,0.40381261706352234,1.2410821914672852,0.40349555015563965,1.3229981660842896,0.5302790403366089,1.3070862293243408,0.3790821135044098,0.5441022515296936,0.3953709602355957,1.2639029026031494,0.5274254679679871,1.3129146099090576,0.5963459014892578,0.7169481515884399,0.4039711356163025,1.2404705286026,0.40393152832984924,1.321879267692566,0.5240567326545715,1.319376826286316,0.37761572003364563,0.5358149409294128,0.3953709602355957,1.2635817527770996,0.5328154563903809,1.3020380735397339
33,1.4167066812515259,0.0078125,0.642755389213562,0.8522403836250305,0.599742591381073,0.7176254987716675,0.39507654309272766,1.2511441707611084,0.3910433351993561,1.3327022790908813,0.5322856903076172,1.3057565689086914,0.38059544563293457,0.5530112981796265,0.3835739195346832,1.2681649923324585,0.5273038744926453,1.3157607316970825,0.5998023152351379,0.7173974514007568,0.39173322916030884,1.2506366968154907,0.3946719169616699,1.3321539163589478,0.5239870548248291,1.322169303894043,0.3790564239025116,0.5448033809661865,0.3835473656654358,1.267943263053894,0.5353238582611084,1.2997468709945679,1.4109840393066406,0.6407002210617065,0.8509646058082581,0.5965044498443604,0.7163412570953369,0.40381261706352234,1.240943431854248,0.40349555015563965,1.3228379487991333,0.5302790403366089,1.3069713115692139,0.3790821135044098,0.5434821248054504,0.3953709602355957,1.263745903968811,0.5274254679679871,1.3127774000167847,0.5963459014892578,0.7168578505516052,0.4039711356163025,1.2403310537338257,0.40393152832984924,1.3217228651046753,0.5240567326545715,1.3192436695098877,0.37761572003364563,0.5350729823112488,0.3953709602355957,1.2634230852127075,0.5328154563903809,1.3019216060638428
34,1.4165470600128174,0.0078125,0.6427080035209656,0.8524169325828552,0.599742591381073,0.7176344394683838,0.3901345431804657,1.2510333061218262,0.3895242512226105,1.33256196975708,0.5322856903076172,1.3056520223617554,0.38059544563293457,0.552456259727478,0.38208135962486267,1.2680367231369019,0.5273038744926453,1.3157169818878174,0.5998023152351379,0.7174043655395508,0.39022740721702576,1.2505260705947876,0.3897232413291931,1.3320213556289673,0.5239870548248291,1.3221197128295898,0.3790564239025116,0.544147789478302,0.3820614516735077,1.2678065299987793,0.5353238582611084,1.2996513843536377,1.4107213020324707,0.6404821872711182,0.8510622978210449,0.5965044498443604,0.7163761854171753,0.40381261706352234,1.2409491539001465,0.40349555015563965,1.3228566646575928,0.5302790403366089,1.3069688081741333,0.3790821135044098,0.543029248714447,0.3953709602355957,1.2637629508972168,0.5274254679679871,1.3127641677856445,0.5963459014892578,0.7168917059898376,0.4039711356163025,1.2403289079666138,0.40393152832984924,1.3217414617538452,0.5240567326545715,1.3192321062088013,0.37761572003364563,0.5345197916030884,0.3953709602355957,1.2634413242340088,0.5328154563903809,1.30191969871521
35,1.4164971113204956,0.0078125,0.6426869034767151,0.8525812029838562,0.599742591381073,0.7177268266677856,0.38978293538093567,1.2510827779769897,0.38917267322540283,1.3326139450073242,0.5322856903076172,1.3056834936141968,0.38059544563293457,0.5519922971725464,0.38177621364593506,1.2680925130844116,0.5273038744926453,1.3156691789627075,0.5998023152351379,0.717494547367096,0.3898824453353882,1.250575065612793,0.38939157128334045,1.3320705890655518,0.5239870548248291,1.3220791816711426,0.3790564239025116,0.5435804128646851,0.38174968957901,1.2678720951080322,0.5353238582611084,1.2996727228164673,1.4107671976089478,0.6405935883522034,0.8511995673179626,0.5965044498443604,0.7163550853729248,0.40381261706352234,1.240939974784851,0.40349555015563965,1.3228310346603394,0.5302790403366089,1.3069634437561035,0.3790821135044098,0.5425012707710266,0.3953709602355957,1.2637428045272827,0.5274254679679871,1.312769889831543,0.5963459014892578,0.71687251329422,0.4039711356163025,1.2403231859207153,0.40393152832984924,1.3217177391052246,0.5240567326545715,1.3192369937896729,0.37761572003364563,0.5338900089263916,0.3953709602355957,1.2634186744689941,0.5328154563903809,1.301913857460022
36,1.4166179895401,0.0078125,0.6428140997886658,0.8526359796524048,0.599742591381073,0.7177168130874634,0.38147106766700745,1.2511309385299683,0.38097354769706726,1.3326727151870728,0.5322856903076172,1.3057774305343628,0.38059544563293457,0.5515938997268677,0.37373629212379456,1.2681537866592407,0.5273038744926453,1.3158012628555298,0.5998023152351379,0.717488169670105,0.38157057762145996,1.250627040863037,0.3811858296394348,1.3321367502212524,0.5239870548248291,1.3222129344940186,0.3790564239025116,0.5430800318717957,0.37371641397476196,1.2679294347763062,0.5353238582611084,1.2997541427612305,1.4106415510177612,0.6405004262924194,0.8511892557144165,0.5965044498443604,0.7164083123207092,0.40381261706352234,1.2409676313400269,0.40349555015563965,1.3228518962860107,0.5302790403366089,1.3069570064544678,0.3790821135044098,0.5421065092086792,0.3953709602355957,1.2637676000595093,0.5274254679679871,1.3127763271331787,0.5963459014892578,0.7169235348701477,0.4039711356163025,1.2403451204299927,0.40393152832984924,1.3217393159866333,0.5240567326545715,1.3192414045333862,0.37761572003364563,0.5333843231201172,0.3953709602355957,1.263445496559143,0.5328154563903809,1.301910400390625
37,1.41529381275177,0.00390625,0.6425418257713318,0.8522887825965881,0.599742591381073,0.7165733575820923,0.40055590867996216,1.2495262622833252,0.3999190628528595,1.3308249711990356,0.5322856903076172,1.304168462753296,0.38059544563293457,0.5508924126625061,0.39233025908470154,1.2663021087646484,0.5273038744926453,1.3140621185302734,0.5998023152351379,0.7163431644439697,0.4006553888320923,1.2490187883377075,0.4001246988773346,1.3302785158157349,0.5239870548248291,1.3204618692398071,0.3790564239025116,0.5423218011856079,0.3923037052154541,1.2660958766937256,0.5353238582611084,1.2981654405593872,1.4103279113769531,0.6404319405555725,0.8512474894523621,0.5965044498443604,0.7158288955688477,0.40381261706352234,1.2405203580856323,0.40349555015563965,1.3225054740905762,0.5302790403366089,1.3067587614059448,0.3790821135044098,0.5418134927749634,0.3953709602355957,1.2634034156799316,0.5274254679679871,1.3125673532485962,0.5963459014892578,0.7163495421409607,0.4039711356163025,1.2399077415466309,0.40393152832984924,1.3214048147201538,0.5240567326545715,1.319040060043335,0.37761572003364563,0.5330257415771484,0.3953709602355957,1.2630772590637207,0.5328154563903809,1.3017139434814453
38,1.4149471521377563,0.00390625,0.6424930095672607,0.8523648381233215,0.599742591381073,0.7158889770507812,0.40055590867996216,1.2490099668502808,0.3999190628528595,1.330363154411316,0.5322856903076172,1.3039182424545288,0.38059544563293457,0.5505731701850891,0.39233025908470154,1.265825629234314,0.5273038744926453,1.3138314485549927,0.5998023152351379,0.7156600952148438,0.4006553888320923,1.2485014200210571,0.4001246988773346,1.3298274278640747,0.5239870548248291,1.320238709449768,0.3790564239025116,0.5419324636459351,0.3923037052154541,1.2656153440475464,0.5353238582611084,1.2979035377502441,1.4103056192398071,0.6404939293861389,0.8513661026954651,0.5965044498443604,0.7157403230667114,0.40381261706352234,1.2404351234436035,0.40349555015563965,1.3224236965179443,0.5302790403366089,1.306713581085205,0.3790821135044098,0.5414550304412842,0.3953709602355957,1.2633142471313477,0.5274254679679871,1.3125100135803223,0.5963459014892578,0.7162615060806274,0.4039711356163025,1.2398205995559692,0.40393152832984924,1.3213263750076294,0.5240567326545715,1.3189855813980103,0.37761572003364563,0.5325933694839478,0.3953709602355957,1.2629876136779785,0.5328154563903809,1.3016681671142578
39,1.4148433208465576,0.00390625,0.6425085067749023,0.852463960647583,0.599742591381073,0.7157278656959534,0.40055590867996216,1.2488412857055664,0.3999190628528595,1.3302111625671387,0.5322856903076172,1.303825855255127,0.38059544563293457,0.550235390663147,0.39233025908470154,1.2656667232513428,0.5273038744926453,1.313738465309143,0.5998023152351379,0.7154973149299622,0.4006553888320923,1.248334288597107,0.4001246988773346,1.3296843767166138,0.5239870548248291,1.320148229598999,0.3790564239025116,0.5415273308753967,0.3923037052154541,1.265449047088623,0.5353238582611084,1.2978123426437378,1.4102143049240112,0.6404520869255066,0.8514009118080139,0.5965044498443604,0.7157276272773743,0.40381261706352234,1.2404223680496216,0.40349555015563965,1.322403907775879,0.5302790403366089,1.3066946268081665,0.3790821135044098,0.5410965085029602,0.3953709602355957,1.263297200202942,0.5274254679679871,1.312491536140442,0.5963459014892578,0.7162492871284485,0.4039711356163025,1.2397998571395874,0.40393152832984924,1.3213081359863281,0.5240567326545715,1.3189667463302612,0.37761572003364563,0.5321605205535889,0.3953709602355957,1.2629700899124146,0.5328154563903809,1.3016510009765625
40,1.4148091077804565,0.00390625,0.642510712146759,0.8525130748748779,0.599742591381073,0.7157495617866516,0.40055590867996216,1.2488564252853394,0.3999190628528595,1.330200433731079,0.5322856903076172,1.3038355112075806,0.38059544563293457,0.5498862862586975,0.39233025908470154,1.265657663345337,0.5273038744926453,1.313738465309143,0.5998023152351379,0.7155197262763977,0.4006553888320923,1.2483488321304321,0.4001246988773346,1.3296688795089722,0.5239870548248291,1.3201494216918945,0.3790564239025116,0.5411032438278198,0.3923037052154541,1.2654436826705933,0.5353238582611084,1.2978132963180542,1.4101901054382324,0.6404711008071899,0.8514711856842041,0.5965044498443604,0.7157167196273804,0.40381261706352234,1.2404093742370605,0.40349555015563965,1.322396159172058,0.5302790403366089,1.3066918849945068,0.3790821135044098,0.5407503247261047,0.3953709602355957,1.2632861137390137,0.5274254679679871,1.3124858140945435,0.5963459014892578,0.7162381410598755,0.4039711356163025,1.2397924661636353,0.40393152832984924,1.3213003873825073,0.5240567326545715,1.318962812423706,0.37761572003364563,0.531740665435791,0.3953709602355957,1.2629592418670654,0.5328154563903809,1.3016477823257446
41,1.4147813320159912,0.00390625,0.6425178050994873,0.8525952696800232,0.599742591381073,0.7157310843467712,0.40055590867996216,1.2488492727279663,0.3999190628528595,1.3302100896835327,0.5322856903076172,1.3038463592529297,0.38059544563293457,0.5495506525039673,0.39233025908470154,1.2656611204147339,0.5273038744926453,1.3137537240982056,0.5998023152351379,0.7155024409294128,0.4006553888320923,1.2483426332473755,0.4001246988773346,1.3296749591827393,0.5239870548248291,1.3201607465744019,0.3790564239025116,0.5407085418701172,0.3923037052154541,1.2654519081115723,0.5353238582611084,1.2978265285491943,1.410117745399475,0.6404432654380798,0.8515313863754272,0.5965044498443604,0.7157184481620789,0.40381261706352234,1.2404003143310547,0.40349555015563965,1.3223875761032104,0.5302790403366089,1.3066831827163696,0.3790821135044098,0.5403708219528198,0.3953709602355957,1.2632763385772705,0.5274254679679871,1.3124778270721436,0.5963459014892578,0.7162396907806396,0.4039711356163025,1.239785075187683,0.40393152832984924,1.3212921619415283,0.5240567326545715,1.3189544677734375,0.37761572003364563,0.5313146710395813,0.3953709602355957,1.2629492282867432,0.5328154563903809,1.3016401529312134
42,1.4140279293060303,0.001953125,0.6423879265785217,0.8524168729782104,0.599742591381073,0.7149547338485718,0.40055590867996216,1.2478667497634888,0.3999190628528595,1.3291211128234863,0.5322856903076172,1.302958369255066,0.38059544563293457,0.549100399017334,0.39233025908470154,1.2645658254623413,0.5273038744926453,1.3128193616867065,0.5998023152351379,0.714724600315094,0.4006553888320923,1.247359037399292,0.4001246988773346,1.3285855054855347,0.5239870548248291,1.3192248344421387,0.3790564239025116,0.5402145385742188,0.3923037052154541,1.2643589973449707,0.5353238582611084,1.296942114830017,1.4100027084350586,0.6403796672821045,0.8515170216560364,0.5965044498443604,0.715641438961029,0.40381261706352234,1.2403390407562256,0.40349555015563965,1.3223458528518677,0.5302790403366089,1.306658387184143,0.3790821135044098,0.540152907371521,0.3953709602355957,1.263230323791504,0.5274254679679871,1.3124518394470215,0.5963459014892578,0.7161639332771301,0.4039711356163025,1.2397228479385376,0.40393152832984924,1.3212531805038452,0.5240567326545715,1.3189289569854736,0.37761572003364563,0.531051516532898,0.3953709602355957,1.2629034519195557,0.5328154563903809,1.3016166687011719
43,1.4139182567596436,0.001953125,0.6423605680465698,0.8524516224861145,0.599742591381073,0.7148160338401794,0.40055590867996216,1.2477562427520752,0.3999190628528595,1.329030156135559,0.5322856903076172,1.3028925657272339,0.38059544563293457,0.5488713979721069,0.39233025908470154,1.2644705772399902,0.5273038744926453,1.312755823135376,0.5998023152351379,0.714586615562439,0.4006553888320923,1.2472481727600098,0.4001246988773346,1.3284953832626343,0.5239870548248291,1.3191643953323364,0.3790564239025116,0.5399366617202759,0.3923037052154541,1.26426362991333,0.5353238582611084,1.2968753576278687,1.4099525213241577,0.6403694152832031,0.8515706658363342,0.5965044498443604,0.7156047224998474,0.40381261706352234,1.2403112649917603,0.40349555015563965,1.3223235607147217,0.5302790403366089,1.306644082069397,0.3790821135044098,0.5399156212806702,0.3953709602355957,1.2632081508636475,0.5274254679679871,1.3124346733093262,0.5963459014892578,0.7161281704902649,0.4039711356163025,1.2396936416625977,0.40393152832984924,1.321232557296753,0.5240567326545715,1.3189126253128052,0.37761572003364563,0.5307688117027283,0.3953709602355957,1.2628796100616455,0.5328154563903809,1.3016027212142944
44,1.4138762950897217,0.001953125,0.6423592567443848,0.8525190353393555,0.599742591381073,0.7147693037986755,0.40055590867996216,1.2477238178253174,0.3999190628528595,1.3289971351623535,0.5322856903076172,1.3028959035873413,0.38059544563293457,0.5486377477645874,0.39233025908470154,1.264435887336731,0.5273038744926453,1.3127433061599731,0.5998023152351379,0.7145401835441589,0.4006553888320923,1.2472161054611206,0.4001246988773346,1.328463077545166,0.5239870548248291,1.3191518783569336,0.3790564239025116,0.5396584868431091,0.3923037052154541,1.2642292976379395,0.5353238582611084,1.296875238418579,1.4099375009536743,0.6403876543045044,0.85161292552948,0.5965044498443604,0.7155914306640625,0.40381261706352234,1.2402946949005127,0.40349555015563965,1.3223124742507935,0.5302790403366089,1.3066376447677612,0.3790821135044098,0.539676308631897,0.3953709602355957,1.2631956338882446,0.5274254679679871,1.3124257326126099,0.5963459014892578,0.7161149382591248,0.4039711356163025,1.2396780252456665,0.40393152832984924,1.3212229013442993,0.5240567326545715,1.3189047574996948,0.37761572003364563,0.5304774641990662,0.3953709602355957,1.2628670930862427,0.5328154563903809,1.3015977144241333
45,1.4138368368148804,0.001953125,0.6423687934875488,0.8525276184082031,0.599742591381073,0.7147125005722046,0.40055590867996216,1.2476863861083984,0.3999190628528595,1.3289611339569092,0.5322856903076172,1.3028686046600342,0.38059544563293457,0.5483798384666443,0.39233025908470154,1.264399528503418,0.5273038744926453,1.3127315044403076,0.5998023152351379,0.714482843875885,0.4006553888320923,1.247179388999939,0.4001246988773346,1.3284287452697754,0.5239870548248291,1.3191412687301636,0.3790564239025116,0.5393579602241516,0.3923037052154541,1.2641915082931519,0.5353238582611084,1.2968510389328003,1.4098753929138184,0.6403592824935913,0.851620078086853,0.5965044498443604,0.7155866026878357,0.40381261706352234,1.2402926683425903,0.40349555015563965,1.3223085403442383,0.5302790403366089,1.306634545326233,0.3790821135044098,0.5393814444541931,0.3953709602355957,1.2631891965866089,0.5274254679679871,1.3124239444732666,0.5963459014892578,0.716110348701477,0.4039711356163025,1.239674687385559,0.40393152832984924,1.321219563484192,0.5240567326545715,1.3189027309417725,0.37761572003364563,0.5301385521888733,0.3953709602355957,1.262860894203186,0.5328154563903809,1.3015938997268677
46,1.4134258031845093,0.0009765625,0.6423028111457825,0.8524428009986877,0.599742591381073,0.7142670154571533,0.40055590867996216,1.2471381425857544,0.3999190628528595,1.328366994857788,0.5322856903076172,1.3024075031280518,0.38059544563293457,0.5480871796607971,0.39233025908470154,1.2637994289398193,0.5273038744926453,1.3122365474700928,0.5998023152351379,0.7140369415283203,0.4006553888320923,1.2466312646865845,0.4001246988773346,1.3278318643569946,0.5239870548248291,1.3186461925506592,0.3790564239025116,0.5390231013298035,0.3923037052154541,1.2635952234268188,0.5353238582611084,1.2963870763778687,1.4098607301712036,0.6403616070747375,0.8516237139701843,0.5965044498443604,0.7155740857124329,0.40381261706352234,1.2402809858322144,0.40349555015563965,1.3223021030426025,0.5302790403366089,1.3066303730010986,0.3790821135044098,0.5392745733261108,0.3953709602355957,1.2631837129592896,0.5274254679679871,1.3124176263809204,0.5963459014892578,0.7160983681678772,0.4039711356163025,1.239662766456604,0.40393152832984924,1.3212138414382935,0.5240567326545715,1.318897008895874,0.37761572003364563,0.5299974679946899,0.3953709602355957,1.2628552913665771,0.5328154563903809,1.3015903234481812
47,1.4134056568145752,0.0009765625,0.6423061490058899,0.8524123430252075,0.599742591381073,0.714235782623291,0.40055590867996216,1.2471156120300293,0.3999190628528595,1.328351616859436,0.5322856903076172,1.3023960590362549,0.38059544563293457,0.5479798316955566,0.39233025908470154,1.2637814283370972,0.5273038744926453,1.312225580215454,0.5998023152351379,0.7140066027641296,0.4006553888320923,1.246608018875122,0.4001246988773346,1.3278160095214844,0.5239870548248291,1.3186345100402832,0.3790564239025116,0.5388867259025574,0.3923037052154541,1.2635776996612549,0.5353238582611084,1.2963768243789673,1.4098230600357056,0.6403407454490662,0.8516344428062439,0.5965044498443604,0.7155660390853882,0.40381261706352234,1.2402739524841309,0.40349555015563965,1.3222976922988892,0.5302790403366089,1.3066275119781494,0.3790821135044098,0.5391538143157959,0.3953709602355957,1.263177514076233,0.5274254679679871,1.3124120235443115,0.5963459014892578,0.7160904407501221,0.4039711356163025,1.2396560907363892,0.40393152832984924,1.3212099075317383,0.5240567326545715,1.3188918828964233,0.37761572003364563,0.5298500061035156,0.3953709602355957,1.2628494501113892,0.5328154563903809,1.3015888929367065
48,1.4133776426315308,0.0009765625,0.6422995924949646,0.8523898124694824,0.599742591381073,0.7142158150672913,0.40055590867996216,1.2471040487289429,0.3999190628528595,1.3283365964889526,0.5322856903076172,1.302380919456482,0.38059544563293457,0.5478695631027222,0.39233025908470154,1.2637643814086914,0.5273038744926453,1.3122144937515259,0.5998023152351379,0.7139859199523926,0.4006553888320923,1.2465968132019043,0.4001246988773346,1.3278019428253174,0.5239870548248291,1.3186253309249878,0.3790564239025116,0.5387430787086487,0.3923037052154541,1.2635599374771118,0.5353238582611084,1.2963582277297974,1.4098279476165771,0.6403630971908569,0.8516639471054077,0.5965044498443604,0.7155618667602539,0.40381261706352234,1.2402675151824951,0.40349555015563965,1.3222936391830444,0.5302790403366089,1.3066260814666748,0.3790821135044098,0.5390222668647766,0.3953709602355957,1.2631754875183105,0.5274254679679871,1.312407374382019,0.5963459014892578,0.7160865068435669,0.4039711356163025,1.2396502494812012,0.40393152832984924,1.3212071657180786,0.5240567326545715,1.3188879489898682,0.37761572003364563,0.5296735167503357,0.3953709602355957,1.2628471851348877,0.5328154563903809,1.3015879392623901
49,1.4131503105163574,0.00048828125,0.6422718167304993,0.8524248003959656,0.599742591381073,0.7139490246772766,0.40055590867996216,1.24679434299469,0.3999190628528595,1.3280078172683716,0.5322856903076172,1.3021318912506104,0.38059544563293457,0.5476451516151428,0.39233025908470154,1.2634333372116089,0.5273038744926453,1.311948299407959,0.5998023152351379,0.7137195467948914,0.4006553888320923,1.2462873458862305,0.4001246988773346,1.327472448348999,0.5239870548248291,1.3183586597442627,0.3790564239025116,0.5384777188301086,0.3923037052154541,1.2632296085357666,0.5353238582611084,1.2961105108261108,1.4097768068313599,0.6403319239616394,0.8516595363616943,0.5965044498443604,0.7155591249465942,0.40381261706352234,1.2402642965316772,0.40349555015563965,1.3222931623458862,0.5302790403366089,1.3066248893737793,0.3790821135044098,0.5388479828834534,0.3953709602355957,1.2631736993789673,0.5274254679679871,1.3124058246612549,0.5963459014892578,0.7160842418670654,0.4039711356163025,1.2396479845046997,0.40393152832984924,1.3212066888809204,0.5240567326545715,1.318886399269104,0.37761572003364563,0.5294692516326904,0.3953709602355957,1.2628456354141235,0.5328154563903809,1.301587462425232
50,1.4131245613098145,0.00048828125,0.6422663927078247,0.8524171710014343,0.599742591381073,0.7139450907707214,0.40055590867996216,1.2467888593673706,0.3999190628528595,1.3280034065246582,0.5322856903076172,1.302127718925476,0.38059544563293457,0.5474768877029419,0.39233025908470154,1.2634282112121582,0.5273038744926453,1.3119453191757202,0.5998023152351379,0.7137151956558228,0.4006553888320923,1.2462823390960693,0.4001246988773346,1.3274681568145752,0.5239870548248291,1.318355679512024,0.3790564239025116,0.5382878184318542,0.3923037052154541,1.2632250785827637,0.5353238582611084,1.2961053848266602,1.409770131111145,0.6403437256813049,0.8516736030578613,0.5965044498443604,0.7155571579933167,0.40381261706352234,1.2402617931365967,0.40349555015563965,1.322292447090149,0.5302790403366089,1.3066240549087524,0.3790821135044098,0.5386833548545837,0.3953709602355957,1.2631735801696777,0.5274254679679871,1.312403678894043,0.5963459014892578,0.7160823941230774,0.4039711356163025,1.2396448850631714,0.40393152832984924,1.321205735206604,0.5240567326545715,1.3188843727111816,0.37761572003364563,0.5292830467224121,0.3953709602355957,1.2628450393676758,0.5328154563903809,1.3015871047973633
51,1.413103461265564,0.00048828125,0.6422680020332336,0.8524390459060669,0.599742591381073,0.7139313220977783,0.40055590867996216,1.2467806339263916,0.3999190628528595,1.3279958963394165,0.5322856903076172,1.3021236658096313,0.38059544563293457,0.5473208427429199,0.39233025908470154,1.263420820236206,0.5273038744926453,1.311938762664795,0.5998023152351379,0.7137011885643005,0.4006553888320923,1.2462732791900635,0.4001246988773346,1.3274612426757812,0.5239870548248291,1.3183482885360718,0.3790564239025116,0.5381042957305908,0.3923037052154541,1.2632173299789429,0.5353238582611084,1.2961004972457886,1.4097557067871094,0.6403470635414124,0.8516867160797119,0.5965044498443604,0.7155557870864868,0.40381261706352234,1.2402615547180176,0.40349555015563965,1.3222930431365967,0.5302790403366089,1.3066240549087524,0.3790821135044098,0.5385177731513977,0.3953709602355957,1.2631739377975464,0.5274254679679871,1.3124032020568848,0.5963459014892578,0.7160813212394714,0.4039711356163025,1.2396447658538818,0.40393152832984924,1.3212072849273682,0.5240567326545715,1.3188837766647339,0.37761572003364563,0.5290970206260681,0.3953709602355957,1.262845754623413,0.5328154563903809,1.3015868663787842
52,1.4129841327667236,0.00024414062,0.6422540545463562,0.8524379730224609,0.599742591381073,0.7137972712516785,0.40055590867996216,1.2466278076171875,0.3999190628528595,1.3278309106826782,0.5322856903076172,1.3019967079162598,0.38059544563293457,0.5471562743186951,0.39233025908470154,1.26325261592865,0.5273038744926453,1.3118070363998413,0.5998023152351379,0.7135674357414246,0.4006553888320923,1.246120572090149,0.4001246988773346,1.3272950649261475,0.5239870548248291,1.318217158317566,0.3790564239025116,0.5379192233085632,0.3923037052154541,1.2630501985549927,0.5353238582611084,1.2959741353988647,1.4097256660461426,0.6403354406356812,0.8516862392425537,0.5965044498443604,0.7155552506446838,0.40381261706352234,1.2402598857879639,0.40349555015563965,1.3222917318344116,0.5302790403366089,1.3066236972808838,0.3790821135044098,0.5383473634719849,0.3953709602355957,1.2631734609603882,0.5274254679679871,1.312402367591858,0.5963459014892578,0.7160807251930237,0.4039711356163025,1.2396435737609863,0.40393152832984924,1.32120680809021,0.5240567326545715,1.318882942199707,0.37761572003364563,0.528901994228363,0.3953709602355957,1.2628450393676758,0.5328154563903809,1.3015868663787842
53,1.4129633903503418,0.00024414062,0.6422501802444458,0.8524404764175415,0.599742591381073,0.7137961387634277,0.40055590867996216,1.2466262578964233,0.3999190628528595,1.3278298377990723,0.5322856903076172,1.3019967079162598,0.38059544563293457,0.547001302242279,0.39233025908470154,1.2632508277893066,0.5273038744926453,1.311806082725525,0.5998023152351379,0.7135664224624634,0.4006553888320923,1.2461191415786743,0.4001246988773346,1.3272943496704102,0.5239870548248291,1.3182175159454346,0.3790564239025116,0.5377331376075745,0.3923037052154541,1.2630486488342285,0.5353238582611084,1.2959729433059692,1.409702181816101,0.6403295993804932,0.8516900539398193,0.5965044498443604,0.7155546545982361,0.40381261706352234,1.2402585744857788,0.40349555015563965,1.3222919702529907,0.5302790403366089,1.3066240549087524,0.3790821135044098,0.5381945371627808,0.3953709602355957,1.2631731033325195,0.5274254679679871,1.3124016523361206,0.5963459014892578,0.7160804271697998,0.4039711356163025,1.2396422624588013,0.40393152832984924,1.3212065696716309,0.5240567326545715,1.3188824653625488,0.37761572003364563,0.5287099480628967,0.3953709602355957,1.2628449201583862,0.5328154563903809,1.3015872240066528
54,1.4129425287246704,0.00024414062,0.6422495245933533,0.852408766746521,0.599742591381073,0.7137891054153442,0.40055590867996216,1.2466199398040771,0.3999190628528595,1.327824354171753,0.5322856903076172,1.3019940853118896,0.38059544563293457,0.5468494892120361,0.39233025908470154,1.2632449865341187,0.5273038744926453,1.3118025064468384,0.5998023152351379,0.713559091091156,0.4006553888320923,1.246112585067749,0.4001246988773346,1.3272883892059326,0.5239870548248291,1.3182123899459839,0.3790564239025116,0.5375495553016663,0.3923037052154541,1.2630435228347778,0.5353238582611084,1.295971155166626,1.4096856117248535,0.6403307914733887,0.8516963720321655,0.5965044498443604,0.715554416179657,0.40381261706352234,1.2402580976486206,0.40349555015563965,1.3222922086715698,0.5302790403366089,1.3066235780715942,0.3790821135044098,0.538026750087738,0.3953709602355957,1.2631738185882568,0.5274254679679871,1.3124011754989624,0.5963459014892578,0.7160803079605103,0.4039711356163025,1.2396411895751953,0.40393152832984924,1.3212064504623413,0.5240567326545715,1.3188819885253906,0.37761572003364563,0.5285198092460632,0.3953709602355957,1.262845516204834,0.5328154563903809,1.3015871047973633
55,1.412880778312683,0.00012207031,0.6422429084777832,0.8524038195610046,0.599742591381073,0.7137200236320496,0.40055590867996216,1.24654221534729,0.3999190628528595,1.327741026878357,0.5322856903076172,1.3019297122955322,0.38059544563293457,0.5467442274093628,0.39233025908470154,1.263161063194275,0.5273038744926453,1.3117364645004272,0.5998023152351379,0.7134900093078613,0.4006553888320923,1.2460353374481201,0.4001246988773346,1.3272056579589844,0.5239870548248291,1.3181473016738892,0.3790564239025116,0.5374355912208557,0.3923037052154541,1.2629591226577759,0.5353238582611084,1.2959058284759521,1.4096814393997192,0.6403258442878723,0.8516951203346252,0.5965044498443604,0.7155543565750122,0.40381261706352234,1.2402573823928833,0.40349555015563965,1.3222917318344116,0.5302790403366089,1.3066236972808838,0.3790821135044098,0.5380371809005737,0.3953709602355957,1.2631738185882568,0.5274254679679871,1.3124008178710938,0.5963459014892578,0.7160801887512207,0.4039711356163025,1.2396413087844849,0.40393152832984924,1.3212066888809204,0.5240567326545715,1.3188819885253906,0.37761572003364563,0.5285320281982422,0.3953709602355957,1.2628450393676758,0.5328154563903809,1.3015873432159424
56,1.412880539894104,0.00012207031,0.6422418355941772,0.8523762822151184,0.599742591381073,0.7137196660041809,0.40055590867996216,1.24654221534729,0.3999190628528595,1.327741265296936,0.5322856903076172,1.301930546760559,0.38059544563293457,0.5467562079429626,0.39233025908470154,1.2631614208221436,0.5273038744926453,1.3117364645004272,0.5998023152351379,0.7134894132614136,0.4006553888320923,1.246034860610962,0.4001246988773346,1.3272053003311157,0.5239870548248291,1.31814706325531,0.3790564239025116,0.5374464392662048,0.3923037052154541,1.2629592418670654,0.5353238582611084,1.2959070205688477,1.4096819162368774,0.6403252482414246,0.8516973853111267,0.5965044498443604,0.7155542373657227,0.40381261706352234,1.2402575016021729,0.40349555015563965,1.3222914934158325,0.5302790403366089,1.3066236972808838,0.3790821135044098,0.5380488634109497,0.3953709602355957,1.2631733417510986,0.5274254679679871,1.3124005794525146,0.5963459014892578,0.7160802483558655,0.4039711356163025,1.2396405935287476,0.40393152832984924,1.3212064504623413,0.5240567326545715,1.3188813924789429,0.37761572003364563,0.5285437703132629,0.3953709602355957,1.2628456354141235,0.5328154563903809,1.3015873432159424
57,1.4128798246383667,0.00012207031,0.6422414779663086,0.8523455262184143,0.599742591381073,0.7137155532836914,0.40055590867996216,1.2465386390686035,0.3999190628528595,1.3277376890182495,0.5322856903076172,1.3019285202026367,0.38059544563293457,0.5467656254768372,0.39233025908470154,1.2631572484970093,0.5273038744926453,1.3117340803146362,0.5998023152351379,0.713485598564148,0.4006553888320923,1.2460312843322754,0.4001246988773346,1.3272019624710083,0.5239870548248291,1.3181445598602295,0.3790564239025116,0.5374563336372375,0.3923037052154541,1.262955665588379,0.5353238582611084,1.2959046363830566,1.409683108329773,0.640325129032135,0.8517000675201416,0.5965044498443604,0.7155541181564331,0.40381261706352234,1.2402572631835938,0.40349555015563965,1.3222922086715698,0.5302790403366089,1.306623935699463,0.3790821135044098,0.5380597710609436,0.3953709602355957,1.263174057006836,0.5274254679679871,1.3124010562896729,0.5963459014892578,0.7160799503326416,0.4039711356163025,1.239640474319458,0.40393152832984924,1.3212066888809204,0.5240567326545715,1.3188815116882324,0.37761572003364563,0.5285549163818359,0.3953709602355957,1.262845516204834,0.5328154563903809,1.301587462425232
58,1.412858486175537,6.1035156e-05,0.642238199710846,0.8524131774902344,0.599742591381073,0.7136818170547485,0.40055590867996216,1.2465003728866577,0.3999190628528595,1.327696681022644,0.5322856903076172,1.3018958568572998,0.38059544563293457,0.5468088984489441,0.39233025908470154,1.2631160020828247,0.5273038744926453,1.311700463294983,0.5998023152351379,0.7134518623352051,0.4006553888320923,1.24599289894104,0.4001246988773346,1.3271608352661133,0.5239870548248291,1.3181110620498657,0.3790564239025116,0.53750079870224,0.3923037052154541,1.2629140615463257,0.5353238582611084,1.295872449874878,1.40968918800354,0.6403242945671082,0.8517001867294312,0.5965044498443604,0.715553879737854,0.40381261706352234,1.2402570247650146,0.40349555015563965,1.3222917318344116,0.5302790403366089,1.306623935699463,0.3790821135044098,0.5381249189376831,0.3953709602355957,1.2631738185882568,0.5274254679679871,1.312400460243225,0.5963459014892578,0.7160797715187073,0.4039711356163025,1.2396405935287476,0.40393152832984924,1.3212065696716309,0.5240567326545715,1.3188815116882324,0.37761572003364563,0.5286281108856201,0.3953709602355957,1.262845754623413,0.5328154563903809,1.301587462425232
59,1.4128636121749878,6.1035156e-05,0.6422372460365295,0.8524211049079895,0.599742591381073,0.7136815190315247,0.40055590867996216,1.2464995384216309,0.3999190628528595,1.3276965618133545,0.5322856903076172,1.3018958568572998,0.38059544563293457,0.5468663573265076,0.39233025908470154,1.2631151676177979,0.5273038744926453,1.311700701713562,0.5998023152351379,0.7134515047073364,0.4006553888320923,1.2459925413131714,0.4001246988773346,1.3271605968475342,0.5239870548248291,1.3181111812591553,0.3790564239025116,0.5375667214393616,0.3923037052154541,1.2629129886627197,0.5353238582611084,1.2958730459213257,1.4096938371658325,0.6403233408927917,0.8517011404037476,0.5965044498443604,0.7155539393424988,0.40381261706352234,1.2402570247650146,0.40349555015563965,1.3222917318344116,0.5302790403366089,1.306623935699463,0.3790821135044098,0.5381766557693481,0.3953709602355957,1.263174057006836,0.5274254679679871,1.3124005794525146,0.5963459014892578,0.716079831123352,0.4039711356163025,1.239640235900879,0.40393152832984924,1.3212066888809204,0.5240567326545715,1.3188815116882324,0.37761572003364563,0.5286885499954224,0.3953709602355957,1.262845754623413,0.5328154563903809,1.3015878200531006
60,1.4128518104553223,3.0517578e-05,0.6422358751296997,0.8523890972137451,0.599742591381073,0.71366286277771,0.40055590867996216,1.2464796304702759,0.3999190628528595,1.3276748657226562,0.5322856903076172,1.3018798828125,0.38059544563293457,0.5468754768371582,0.39233025908470154,1.2630938291549683,0.5273038744926453,1.3116836547851562,0.5998023152351379,0.7134330868721008,0.4006553888320923,1.2459717988967896,0.4001246988773346,1.3271392583847046,0.5239870548248291,1.3180937767028809,0.3790564239025116,0.5375816822052002,0.3923037052154541,1.2628920078277588,0.5353238582611084,1.2958557605743408,1.4096927642822266,0.6403224468231201,0.8517008423805237,0.5965044498443604,0.715553879737854,0.40381261706352234,1.2402570247650146,0.40349555015563965,1.3222917318344116,0.5302790403366089,1.3066236972808838,0.3790821135044098,0.5381766557693481,0.3953709602355957,1.2631739377975464,0.5274254679679871,1.3124005794525146,0.5963459014892578,0.7160799503326416,0.4039711356163025,1.239640235900879,0.40393152832984924,1.32120680809021,0.5240567326545715,1.3188815116882324,0.37761572003364563,0.5286885499954224,0.3953709602355957,1.2628453969955444,0.5328154563903809,1.301587462425232
61,1.4128512144088745,3.0517578e-05,0.6422354578971863,0.8525024056434631,0.599742591381073,0.7136621475219727,0.40055590867996216,1.24647855758667,0.3999190628528595,1.327674150466919,0.5322856903076172,1.3018790483474731,0.38059544563293457,0.5468755960464478,0.39233025908470154,1.2630929946899414,0.5273038744926453,1.3116830587387085,0.5998023152351379,0.7134323120117188,0.4006553888320923,1.2459710836410522,0.4001246988773346,1.3271384239196777,0.5239870548248291,1.3180932998657227,0.3790564239025116,0.5375816822052002,0.3923037052154541,1.2628909349441528,0.5353238582611084,1.2958557605743408,1.4096930027008057,0.6403226256370544,0.8517012596130371,0.5965044498443604,0.715553879737854,0.40381261706352234,1.240256667137146,0.40349555015563965,1.3222919702529907,0.5302790403366089,1.306623935699463,0.3790821135044098,0.5381766557693481,0.3953709602355957,1.2631738185882568,0.5274254679679871,1.3124003410339355,0.5963459014892578,0.716079831123352,0.4039711356163025,1.2396399974822998,0.40393152832984924,1.3212071657180786,0.5240567326545715,1.3188813924789429,0.37761572003364563,0.5286885499954224,0.3953709602355957,1.2628456354141235,0.5328154563903809,1.301587700843811
62,1.4128445386886597,1.5258789e-05,0.6422344446182251,0.8523741960525513,0.599742591381073,0.7136536240577698,0.40055590867996216,1.246469497680664,0.3999190628528595,1.3276644945144653,0.5322856903076172,1.301871418952942,0.38059544563293457,0.5468753576278687,0.39233025908470154,1.2630826234817505,0.5273038744926453,1.3116744756698608,0.5998023152351379,0.7134238481521606,0.4006553888320923,1.2459614276885986,0.4001246988773346,1.3271281719207764,0.5239870548248291,1.3180854320526123,0.3790564239025116,0.5375815629959106,0.3923037052154541,1.2628806829452515,0.5353238582611084,1.2958470582962036,1.4096922874450684,0.6403218507766724,0.8517011404037476,0.5965044498443604,0.7155540585517883,0.40381261706352234,1.2402565479278564,0.40349555015563965,1.3222920894622803,0.5302790403366089,1.3066236972808838,0.3790821135044098,0.5381766557693481,0.3953709602355957,1.2631739377975464,0.5274254679679871,1.3124003410339355,0.5963459014892578,0.7160799503326416,0.4039711356163025,1.2396403551101685,0.40393152832984924,1.32120680809021,0.5240567326545715,1.3188813924789429,0.37761572003364563,0.5286885499954224,0.3953709602355957,1.2628459930419922,0.5328154563903809,1.301587462425232
63,1.4128440618515015,1.5258789e-05,0.6422344446182251,0.8524132370948792,0.599742591381073,0.7136538624763489,0.40055590867996216,1.2464691400527954,0.3999190628528595,1.3276642560958862,0.5322856903076172,1.3018712997436523,0.38059544563293457,0.5468754172325134,0.39233025908470154,1.263082504272461,0.5273038744926453,1.3116744756698608,0.5998023152351379,0.7134237289428711,0.4006553888320923,1.245961308479309,0.4001246988773346,1.3271278142929077,0.5239870548248291,1.3180854320526123,0.3790564239025116,0.5375813841819763,0.3923037052154541,1.2628804445266724,0.5353238582611084,1.295847773551941,1.409692406654358,0.6403219699859619,0.851701557636261,0.5965044498443604,0.7155540585517883,0.40381261706352234,1.2402565479278564,0.40349555015563965,1.322291612625122,0.5302790403366089,1.306623935699463,0.3790821135044098,0.5381766557693481,0.3953709602355957,1.2631738185882568,0.5274254679679871,1.312400460243225,0.5963459014892578,0.716079831123352,0.4039711356163025,1.2396403551101685,0.40393152832984924,1.3212065696716309,0.5240567326545715,1.3188815116882324,0.37761572003364563,0.5286885499954224,0.3953709602355957,1.2628458738327026,0.5328154563903809,1.301587700843811
64,1.4128413200378418,7.6293945e-06,0.6422338485717773,0.8524583578109741,0.599742591381073,0.7136492133140564,0.40055590867996216,1.2464641332626343,0.3999190628528595,1.3276584148406982,0.5322856903076172,1.3018670082092285,0.38059544563293457,0.5468753576278687,0.39233025908470154,1.2630767822265625,0.5273038744926453,1.3116705417633057,0.5998023152351379,0.7134189605712891,0.4006553888320923,1.2459568977355957,0.4001246988773346,1.327122688293457,0.5239870548248291,1.3180811405181885,0.3790564239025116,0.5375816822052002,0.3923037052154541,1.262874722480774,0.5353238582611084,1.295843243598938,1.4096919298171997,0.6403215527534485,0.8517016768455505,0.5965044498443604,0.7155539393424988,0.40381261706352234,1.240256905555725,0.40349555015563965,1.3222920894622803,0.5302790403366089,1.3066236972808838,0.3790821135044098,0.5381766557693481,0.3953709602355957,1.2631738185882568,0.5274254679679871,1.3124003410339355,0.5963459014892578,0.7160799503326416,0.4039711356163025,1.2396401166915894,0.40393152832984924,1.321207046508789,0.5240567326545715,1.3188813924789429,0.37761572003364563,0.5286885499954224,0.3953709602355957,1.262845516204834,0.5328154563903809,1.301587700843811
65,1.4128409624099731,7.6293945e-06,0.6422337293624878,0.8524128794670105,0.599742591381073,0.7136489748954773,0.40055590867996216,1.2464637756347656,0.3999190628528595,1.3276580572128296,0.5322856903076172,1.301866888999939,0.38059544563293457,0.5468752980232239,0.39233025908470154,1.2630770206451416,0.5273038744926453,1.3116706609725952,0.5998023152351379,0.7134191393852234,0.4006553888320923,1.2459560632705688,0.4001246988773346,1.3271223306655884,0.5239870548248291,1.3180809020996094,0.3790564239025116,0.5375816822052002,0.3923037052154541,1.2628750801086426,0.5353238582611084,1.295843243598938,1.4096921682357788,0.6403217315673828,0.8517017960548401,0.5965044498443604,0.715553879737854,0.40381261706352234,1.2402570247650146,0.40349555015563965,1.322291612625122,0.5302790403366089,1.3066236972808838,0.3790821135044098,0.5381766557693481,0.3953709602355957,1.2631741762161255,0.5274254679679871,1.3124003410339355,0.5963459014892578,0.7160800695419312,0.4039711356163025,1.2396401166915894,0.40393152832984924,1.3212065696716309,0.5240567326545715,1.3188815116882324,0.37761572003364563,0.5286885499954224,0.3953709602355957,1.2628458738327026,0.5328154563903809,1.3015878200531006
66,1.4128391742706299,3.8146973e-06,0.6422334313392639,0.8523746132850647,0.599742591381073,0.7136467695236206,0.40055590867996216,1.246461272239685,0.3999190628528595,1.3276554346084595,0.5322856903076172,1.3018649816513062,0.38059544563293457,0.5468756556510925,0.39233025908470154,1.263074278831482,0.5273038744926453,1.3116681575775146,0.5998023152351379,0.7134166359901428,0.4006553888320923,1.2459537982940674,0.4001246988773346,1.3271199464797974,0.5239870548248291,1.3180792331695557,0.3790564239025116,0.5375815629959106,0.3923037052154541,1.2628724575042725,0.5353238582611084,1.2958412170410156,1.4096919298171997,0.6403215527534485,0.8517016768455505,0.5965044498443604,0.7155541777610779,0.40381261706352234,1.2402565479278564,0.40349555015563965,1.3222922086715698,0.5302790403366089,1.3066235780715942,0.3790821135044098,0.5381766557693481,0.3953709602355957,1.2631735801696777,0.5274254679679871,1.3124003410339355,0.5963459014892578,0.7160799503326416,0.4039711356163025,1.2396399974822998,0.40393152832984924,1.321207046508789,0.5240567326545715,1.3188813924789429,0.37761572003364563,0.5286885499954224,0.3953709602355957,1.262845516204834,0.5328154563903809,1.3015879392623901
67,1.412839412689209,3.8146973e-06,0.6422334313392639,0.8523726463317871,0.599742591381073,0.7136465907096863,0.40055590867996216,1.2464611530303955,0.3999190628528595,1.3276554346084595,0.5322856903076172,1.3018648624420166,0.38059544563293457,0.5468756556510925,0.39233025908470154,1.2630741596221924,0.5273038744926453,1.311668872833252,0.5998023152351379,0.7134167551994324,0.4006553888320923,1.2459533214569092,0.4001246988773346,1.3271197080612183,0.5239870548248291,1.3180789947509766,0.3790564239025116,0.5375816822052002,0.3923037052154541,1.2628719806671143,0.5353238582611084,1.2958413362503052,1.4096919298171997,0.6403215527534485,0.8517019152641296,0.5965044498443604,0.7155539393424988,0.40381261706352234,1.240256428718567,0.40349555015563965,1.3222914934158325,0.5302790403366089,1.306623935699463,0.3790821135044098,0.5381766557693481,0.3953709602355957,1.2631739377975464,0.5274254679679871,1.312400460243225,0.5963459014892578,0.716079831123352,0.4039711356163025,1.2396405935287476,0.40393152832984924,1.32120680809021,0.5240567326545715,1.3188813924789429,0.37761572003364563,0.5286885499954224,0.3953709602355957,1.262845754623413,0.5328154563903809,1.3015878200531006
68,1.4128384590148926,1.9073486e-06,0.6422335505485535,0.8524360060691833,0.599742591381073,0.713645339012146,0.40055590867996216,1.2464596033096313,0.3999190628528595,1.3276536464691162,0.5322856903076172,1.301863670349121,0.38059544563293457,0.5468756556510925,0.39233025908470154,1.2630724906921387,0.5273038744926453,1.3116668462753296,0.5998023152351379,0.7134157419204712,0.4006553888320923,1.2459526062011719,0.4001246988773346,1.3271183967590332,0.5239870548248291,1.3180774450302124,0.3790564239025116,0.5375816822052002,0.3923037052154541,1.2628711462020874,0.5353238582611084,1.2958399057388306,1.4096921682357788,0.6403214335441589,0.8517020344734192,0.5965044498443604,0.7155539393424988,0.40381261706352234,1.2402570247650146,0.40349555015563965,1.3222917318344116,0.5302790403366089,1.306623935699463,0.3790821135044098,0.5381766557693481,0.3953709602355957,1.2631739377975464,0.5274254679679871,1.312399983406067,0.5963459014892578,0.7160800695419312,0.4039711356163025,1.239640474319458,0.40393152832984924,1.321207046508789,0.5240567326545715,1.318881869316101,0.37761572003364563,0.5286885499954224,0.3953709602355957,1.262845754623413,0.5328154563903809,1.301587700843811
69,1.4128379821777344,1.9073486e-06,0.6422333717346191,0.8524611592292786,0.599742591381073,0.7136456370353699,0.40055590867996216,1.2464603185653687,0.3999190628528595,1.3276540040969849,0.5322856903076172,1.3018640279769897,0.38059544563293457,0.5468754172325134,0.39233025908470154,1.2630722522735596,0.5273038744926453,1.31166672706604,0.5998023152351379,0.7134156227111816,0.4006553888320923,1.2459522485733032,0.4001246988773346,1.3271183967590332,0.5239870548248291,1.318077802658081,0.3790564239025116,0.5375813841819763,0.3923037052154541,1.2628710269927979,0.5353238582611084,1.2958400249481201,1.4096919298171997,0.6403214335441589,0.8517020344734192,0.5965044498443604,0.7155540585517883,0.40381261706352234,1.240256428718567,0.40349555015563965,1.3222922086715698,0.5302790403366089,1.3066236972808838,0.3790821135044098,0.5381766557693481,0.3953709602355957,1.2631735801696777,0.5274254679679871,1.3124001026153564,0.5963459014892578,0.7160799503326416,0.4039711356163025,1.2396403551101685,0.40393152832984924,1.3212066888809204,0.5240567326545715,1.3188813924789429,0.37761572003364563,0.5286885499954224,0.3953709602355957,1.2628459930419922,0.5328154563903809,1.301587700843811
70,1.4128376245498657,9.536743e-07,0.6422335505485535,0.8524158596992493,0.599742591381073,0.7136448621749878,0.40055590867996216,1.2464590072631836,0.3999190628528595,1.327653169631958,0.5322856903076172,1.3018633127212524,0.38059544563293457,0.5468755960464478,0.39233025908470154,1.2630720138549805,0.5273038744926453,1.3116661310195923,0.5998023152351379,0.7134150862693787,0.4006553888320923,1.2459514141082764,0.4001246988773346,1.3271170854568481,0.5239870548248291,1.3180772066116333,0.3790564239025116,0.5375815629959106,0.3923037052154541,1.2628705501556396,0.5353238582611084,1.2958388328552246,1.4096919298171997,0.6403214931488037,0.8517020344734192,0.5965044498443604,0.715553879737854,0.40381261706352234,1.2402565479278564,0.40349555015563965,1.322291612625122,0.5302790403366089,1.3066236972808838,0.3790821135044098,0.5381766557693481,0.3953709602355957,1.2631738185882568,0.5274254679679871,1.3124001026153564,0.5963459014892578,0.7160797715187073,0.4039711356163025,1.2396399974822998,0.40393152832984924,1.321207046508789,0.5240567326545715,1.3188813924789429,0.37761572003364563,0.5286885499954224,0.3953709602355957,1.262845754623413,0.5328154563903809,1.3015878200531006
71,1.4128376245498657,9.536743e-07,0.6422334909439087,0.8524384498596191,0.599742591381073,0.7136451601982117,0.40055590867996216,1.2464587688446045,0.3999190628528595,1.327653408050537,0.5322856903076172,1.301863193511963,0.38059544563293457,0.5468754172325134,0.39233025908470154,1.2630716562271118,0.5273038744926453,1.3116663694381714,0.5998023152351379,0.7134149670600891,0.4006553888320923,1.245951771736145,0.4001246988773346,1.3271178007125854,0.5239870548248291,1.3180770874023438,0.3790564239025116,0.5375816226005554,0.3923037052154541,1.262870192527771,0.5353238582611084,1.2958396673202515,1.4096918106079102,0.6403214931488037,0.851702094078064,0.5965044498443604,0.7155540585517883,0.40381261706352234,1.240256905555725,0.40349555015563965,1.3222922086715698,0.5302790403366089,1.3066235780715942,0.3790821135044098,0.5381766557693481,0.3953709602355957,1.2631739377975464,0.5274254679679871,1.3124001026153564,0.5963459014892578,0.7160799503326416,0.4039711356163025,1.239640474319458,0.40393152832984924,1.32120680809021,0.5240567326545715,1.3188812732696533,0.37761572003364563,0.5286885499954224,0.3953709602355957,1.262845754623413,0.5328154563903809,1.3015878200531006
72,1.4128376245498657,4.7683716e-07,0.6422333121299744,0.8524532318115234,0.599742591381073,0.7136446833610535,0.40055590867996216,1.2464590072631836,0.3999190628528595,1.3276525735855103,0.5322856903076172,1.3018629550933838,0.38059544563293457,0.5468755960464478,0.39233025908470154,1.2630723714828491,0.5273038744926453,1.3116658926010132,0.5998023152351379,0.7134147882461548,0.4006553888320923,1.2459511756896973,0.4001246988773346,1.327116847038269,0.5239870548248291,1.3180766105651855,0.3790564239025116,0.5375815629959106,0.3923037052154541,1.2628698348999023,0.5353238582611084,1.295839548110962,1.4096918106079102,0.6403214335441589,0.851702094078064,0.5965044498443604,0.715553879737854,0.40381261706352234,1.240256667137146,0.40349555015563965,1.322291612625122,0.5302790403366089,1.306623935699463,0.3790821135044098,0.5381766557693481,0.3953709602355957,1.2631735801696777,0.5274254679679871,1.3124001026153564,0.5963459014892578,0.7160799503326416,0.4039711356163025,1.2396399974822998,0.40393152832984924,1.321207046508789,0.5240567326545715,1.3188812732696533,0.37761572003364563,0.5286885499954224,0.3953709602355957,1.2628453969955444,0.5328154563903809,1.3015878200531006
73,1.4128371477127075,4.7683716e-07,0.6422330141067505,0.8524295091629028,0.599742591381073,0.7136445641517639,0.40055590867996216,1.246458649635315,0.3999190628528595,1.327652931213379,0.5322856903076172,1.3018625974655151,0.38059544563293457,0.546875536441803,0.39233025908470154,1.263071894645691,0.5273038744926453,1.3116661310195923,0.5998023152351379,0.71341472864151,0.4006553888320923,1.2459512948989868,0.4001246988773346,1.32711660861969,0.5239870548248291,1.318076729774475,0.3790564239025116,0.5375818014144897,0.3923037052154541,1.2628697156906128,0.5353238582611084,1.2958391904830933,1.4096918106079102,0.6403214335441589,0.851702094078064,0.5965044498443604,0.715553879737854,0.40381261706352234,1.2402570247650146,0.40349555015563965,1.3222922086715698,0.5302790403366089,1.306623935699463,0.3790821135044098,0.5381766557693481,0.3953709602355957,1.2631739377975464,0.5274254679679871,1.3124001026153564,0.5963459014892578,0.7160800099372864,0.4039711356163025,1.2396397590637207,0.40393152832984924,1.3212066888809204,0.5240567326545715,1.3188812732696533,0.37761572003364563,0.5286885499954224,0.3953709602355957,1.2628459930419922,0.5328154563903809,1.3015878200531006
74,1.4128376245498657,2.3841858e-07,0.6422331929206848,0.8524373769760132,0.599742591381073,0.7136448621749878,0.40055590867996216,1.2464584112167358,0.3999190628528595,1.3276528120040894,0.5322856903076172,1.3018627166748047,0.38059544563293457,0.5468754172325134,0.39233025908470154,1.2630717754364014,0.5273038744926453,1.3116660118103027,0.5998023152351379,0.71341472864151,0.4006553888320923,1.2459514141082764,0.4001246988773346,1.3271173238754272,0.5239870548248291,1.318076729774475,0.3790564239025116,0.5375815629959106,0.3923037052154541,1.2628698348999023,0.5353238582611084,1.295839786529541,1.4096918106079102,0.6403214335441589,0.851702094078064,0.5965044498443604,0.7155539393424988,0.40381261706352234,1.2402570247650146,0.40349555015563965,1.3222922086715698,0.5302790403366089,1.306623935699463,0.3790821135044098,0.5381766557693481,0.3953709602355957,1.263174057006836,0.5274254679679871,1.3124001026153564,0.5963459014892578,0.716079831123352,0.4039711356163025,1.2396397590637207,0.40393152832984924,1.3212066888809204,0.5240567326545715,1.3188812732696533,0.37761572003364563,0.5286885499954224,0.3953709602355957,1.2628459930419922,0.5328154563903809,1.3015878200531006
75,1.4128375053405762,2.3841858e-07,0.6422333717346191,0.8524315357208252,0.599742591381073,0.7136445045471191,0.40055590867996216,1.246458649635315,0.3999190628528595,1.3276528120040894,0.5322856903076172,1.3018628358840942,0.38059544563293457,0.5468754768371582,0.39233025908470154,1.2630717754364014,0.5273038744926453,1.3116660118103027,0.5998023152351379,0.7134148478507996,0.4006553888320923,1.2459512948989868,0.4001246988773346,1.327116847038269,0.5239870548248291,1.318076729774475,0.3790564239025116,0.5375816822052002,0.3923037052154541,1.2628698348999023,0.5353238582611084,1.2958390712738037,1.4096918106079102,0.6403214335441589,0.851702094078064,0.5965044498443604,0.7155538201332092,0.40381261706352234,1.2402570247650146,0.40349555015563965,1.3222922086715698,0.5302790403366089,1.306623935699463,0.3790821135044098,0.5381766557693481,0.3953709602355957,1.2631739377975464,0.5274254679679871,1.3124001026153564,0.5963459014892578,0.7160800695419312,0.4039711356163025,1.2396397590637207,0.40393152832984924,1.3212066888809204,0.5240567326545715,1.3188812732696533,0.37761572003364563,0.5286885499954224,0.3953709602355957,1.2628458738327026,0.5328154563903809,1.3015878200531006
76,1.4128373861312866,1.1920929e-07,0.6422332525253296,0.8523885607719421,0.599742591381073,0.713644802570343,0.40055590867996216,1.246458649635315,0.3999190628528595,1.3276528120040894,0.5322856903076172,1.3018620014190674,0.38059544563293457,0.546875536441803,0.39233025908470154,1.263071060180664,0.5273038744926453,1.311666488647461,0.5998023152351379,0.7134145498275757,0.4006553888320923,1.2459509372711182,0.4001246988773346,1.3271169662475586,0.5239870548248291,1.318076729774475,0.3790564239025116,0.5375816822052002,0.3923037052154541,1.2628695964813232,0.5353238582611084,1.295839548110962,1.4096918106079102,0.6403214335441589,0.851702094078064,0.5965044498443604,0.7155538201332092,0.40381261706352234,1.2402570247650146,0.40349555015563965,1.3222922086715698,0.5302790403366089,1.306623935699463,0.3790821135044098,0.5381766557693481,0.3953709602355957,1.263174295425415,0.5274254679679871,1.3124001026153564,0.5963459014892578,0.7160800099372864,0.4039711356163025,1.2396397590637207,0.40393152832984924,1.3212066888809204,0.5240567326545715,1.3188812732696533,0.37761572003364563,0.5286885499954224,0.3953709602355957,1.2628462314605713,0.5328154563903809,1.3015878200531006
77,1.412837266921997,1.1920929e-07,0.6422334313392639,0.8523961901664734,0.599742591381073,0.7136446833610535,0.40055590867996216,1.246458888053894,0.3999190628528595,1.327653169631958,0.5322856903076172,1.3018629550933838,0.38059544563293457,0.5468754768371582,0.39233025908470154,1.2630714178085327,0.5273038744926453,1.3116660118103027,0.5998023152351379,0.7134147882461548,0.4006553888320923,1.2459510564804077,0.4001246988773346,1.3271167278289795,0.5239870548248291,1.3180766105651855,0.3790564239025116,0.5375816822052002,0.3923037052154541,1.2628694772720337,0.5353238582611084,1.2958391904830933,1.4096918106079102,0.6403214335441589,0.851702094078064,0.5965044498443604,0.715553879737854,0.40381261706352234,1.2402570247650146,0.40349555015563965,1.3222922086715698,0.5302790403366089,1.306623935699463,0.3790821135044098,0.5381766557693481,0.3953709602355957,1.2631741762161255,0.5274254679679871,1.3124001026153564,0.5963459014892578,0.716079831123352,0.4039711356163025,1.2396397590637207,0.40393152832984924,1.3212066888809204,0.5240567326545715,1.3188812732696533,0.37761572003364563,0.5286885499954224,0.3953709602355957,1.2628461122512817,0.5328154563903809,1.3015878200531006
78,1.4128373861312866,1e-07,0.6422332525253296,0.8524242043495178,0.599742591381073,0.7136446237564087,0.40055590867996216,1.2464584112167358,0.3999190628528595,1.327653169631958,0.5322856903076172,1.3018630743026733,0.38059544563293457,0.5468755960464478,0.39233025908470154,1.2630711793899536,0.5273038744926453,1.3116661310195923,0.5998023152351379,0.7134143710136414,0.4006553888320923,1.2459511756896973,0.4001246988773346,1.3271172046661377,0.5239870548248291,1.3180760145187378,0.3790564239025116,0.5375815629959106,0.3923037052154541,1.2628695964813232,0.5353238582611084,1.2958396673202515,1.4096918106079102,0.6403214335441589,0.851702094078064,0.5965044498443604,0.715553879737854,0.40381261706352234,1.2402570247650146,0.40349555015563965,1.3222922086715698,0.5302790403366089,1.306623935699463,0.3790821135044098,0.5381766557693481,0.3953709602355957,1.2631735801696777,0.5274254679679871,1.3124001026153564,0.5963459014892578,0.7160799503326416,0.4039711356163025,1.2396397590637207,0.40393152832984924,1.3212066888809204,0.5240567326545715,1.3188812732696533,0.37761572003364563,0.5286885499954224,0.3953709602355957,1.2628452777862549,0.5328154563903809,1.3015878200531006
